johannes brahms	Johannes_Brahms
rené descartes	René_Descartes
rene descartes	René_Descartes
rene descartes or renatus cartesius	René_Descartes
réne descartes	René_Descartes
john locke	John_Locke
edgar allen poe	Edgar_Allan_Poe
edgar allan poe	Edgar_Allan_Poe
joseph maurice ravel	Maurice_Ravel
maurice ravel	Maurice_Ravel
josephmaurice ravel	Maurice_Ravel
pablo neruda	Pablo_Neruda
madame bovary or emma bovary	Madame_Bovary
madame emma bovary	Madame_Bovary
emma bovary or madame bovary	Madame_Bovary
charles bovary	Madame_Bovary
madame bovary moeurs de province	Madame_Bovary
madame bovary or emma	Madame_Bovary
emma bovary	Madame_Bovary
madame bovary	Madame_Bovary
nathanael hawthorne	Nathaniel_Hawthorne
nathaniel hawthorne	Nathaniel_Hawthorne
franz kafka	Franz_Kafka
ernest miller hemingway	Ernest_Hemingway
ernest hemingway	Ernest_Hemingway
ernest papa hemingway	Ernest_Hemingway
hemingway code hero	Ernest_Hemingway
jeanpaul charles aymard sartre	Jean-Paul_Sartre
jeanpaul sartre	Jean-Paul_Sartre
jean paul sartre	Jean-Paul_Sartre
henrik johan ibsen	Henrik_Ibsen
henrik ibsen	Henrik_Ibsen
jorge francisco isidoro luis borges	Jorge_Luis_Borges
jorge luis borges	Jorge_Luis_Borges
jorge luís borges	Jorge_Luis_Borges
robert alexander schumann	Robert_Schumann
robert schumann	Robert_Schumann
amadeus	Wolfgang_Amadeus_Mozart
wolfgang amadeus mozart	Wolfgang_Amadeus_Mozart
symphonies of wolfgang amadeus mozart	Wolfgang_Amadeus_Mozart
wolfgang amadeus mozarts symphonies	Wolfgang_Amadeus_Mozart
masses of wolfgang amadeus mozart	Wolfgang_Amadeus_Mozart
walter whitman jr	Walt_Whitman
walter “walt” whitman	Walt_Whitman
walt whitman	Walt_Whitman
walter walt whitman	Walt_Whitman
walt whitman​	Walt_Whitman
walter whitman	Walt_Whitman
hermann hesse	Hermann_Hesse
herman hesse	Hermann_Hesse
electronegativity	Electronegativity
jainism or jain dharma	Jainism
jainism	Jainism
keynes	John_Maynard_Keynes
john maynard keynes	John_Maynard_Keynes
john maynard keynes 1st baron keynes	John_Maynard_Keynes
franz joseph haydn	Joseph_Haydn
josef haydn	Joseph_Haydn
franz josef haydn	Joseph_Haydn
joseph haydn	Joseph_Haydn
joseph rudyard kipling	Rudyard_Kipling
rudyard kipling	Rudyard_Kipling
constantin brâncuși	Constantin_Brâncuși
constantin brâncuşi	Constantin_Brâncuși
constantin brâncui	Constantin_Brâncuși
brancusi	Constantin_Brâncuși
constantin brancusi or brincusi	Constantin_Brâncuși
constantin brancusi	Constantin_Brâncuși
the doppler effect	Doppler_effect
doppler shift or doppler radar	Doppler_effect
doppler effect or dopplerfizeau effect	Doppler_effect
doppler effect or doppler shift	Doppler_effect
doppler effect	Doppler_effect
dopplerfizeau effect	Doppler_effect
doppler shift or effect	Doppler_effect
doppler effectshift	Doppler_effect
the dopplerfizeau effect	Doppler_effect
doppler effect or shift	Doppler_effect
doppler shift	Doppler_effect
stephen crane	Stephen_Crane
euge delacroix	Eugène_Delacroix
ferdinand eugene victor delacroix	Eugène_Delacroix
ferdinand victor eugene delacroix	Eugène_Delacroix
ferdinand victor eugène delacroix	Eugène_Delacroix
ferdinandeugènevictor delacroix	Eugène_Delacroix
eugene delacroix	Eugène_Delacroix
eugène delacroix	Eugène_Delacroix
eugne delacroix	Eugène_Delacroix
ferdinandeugevictor delacroix	Eugène_Delacroix
eugène delacroix	Eugène_Delacroix
georg friedrich händel	George_Frideric_Handel
george frederick handel	George_Frideric_Handel
george friedrich handel	George_Frideric_Handel
george frederic handel	George_Frideric_Handel
george friderich handel	George_Frideric_Handel
george friedric handel	George_Frideric_Handel
georg frideric handel	George_Frideric_Handel
georg friedrich handel	George_Frideric_Handel
georg handel	George_Frideric_Handel
handel	George_Frideric_Handel
george frideric händel	George_Frideric_Handel
george frideric handel	George_Frideric_Handel
georg frederic handel	George_Frideric_Handel
nikolai gogol	Nikolai_Gogol
nikolai vassilievich gogol	Nikolai_Gogol
gogol	Nikolai_Gogol
nikolai vasilyevich gogol	Nikolai_Gogol
nikolay vasilyevich gogol	Nikolai_Gogol
nikolai vasilievich gogol	Nikolai_Gogol
nikolay gogol	Nikolai_Gogol
nicolai gogol	Nikolai_Gogol
nikolai vasilievitch gogol	Nikolai_Gogol
william blake	William_Blake
jeanjacques rousseau hz	Jean-Jacques_Rousseau
jean jacques rousseau	Jean-Jacques_Rousseau
jeanjacques rousseau	Jean-Jacques_Rousseau
sikhism	Sikhism
emile durkheim	Émile_Durkheim
david émile durkheim	Émile_Durkheim
émile durkheim	Émile_Durkheim
david emile durkheim	Émile_Durkheim
soren kierkegaard	Søren_Kierkegaard
søren aabye kierkegaard	Søren_Kierkegaard
soren abaye kierkegaard	Søren_Kierkegaard
soren aabye kierkegaard	Søren_Kierkegaard
søren kierkegaard	Søren_Kierkegaard
albert chinualumogu “chinua” achebe	Chinua_Achebe
chinua achebe	Chinua_Achebe
albert chinualumogu chinua achebe	Chinua_Achebe
albert chinualumogu achebe	Chinua_Achebe
federative republic of brazil	Brazil
the federative republic of brazil	Brazil
j s bach	Johann_Sebastian_Bach
j s bach bach	Johann_Sebastian_Bach
johann sebastian bach	Johann_Sebastian_Bach
the milgram experiment	Milgram_experiment
stanley milgram obedience experiment	Milgram_experiment
milgram experiment	Milgram_experiment
milgram obedience experiment	Milgram_experiment
frictional force	Friction
friction	Friction
friction or frictional force	Friction
william butler yeats	W._B._Yeats
gustav mahler	Gustav_Mahler
answer surface tension	Surface_tension
surface tension	Surface_tension
sir salman rushdie	Salman_Rushdie
sir ahmed salman rushdie	Salman_Rushdie
salman rushdie	Salman_Rushdie
salmon rushdie	Salman_Rushdie
carl gustav jung	Carl_Jung
carl jung	Carl_Jung
etudes of frederic chopin	Frédéric_Chopin
fryderyk francois chopin	Frédéric_Chopin
frédéric chopin	Frédéric_Chopin
frédéric françois chopin	Frédéric_Chopin
frederic chopin	Frédéric_Chopin
fric chopin	Frédéric_Chopin
frederic francois chopin	Frédéric_Chopin
frédéric francois chopin	Frédéric_Chopin
frederic chopin or fryderyk franciszek szopen	Frédéric_Chopin
frédéric chopin	Frédéric_Chopin
frederick chopin	Frédéric_Chopin
gian lorenzo bernini	Gian_Lorenzo_Bernini
gianlorenzo bernini accept giovanni lorenzo bernini	Gian_Lorenzo_Bernini
gian lorenzo bernini or gianlorenzo bernini	Gian_Lorenzo_Bernini
gianlorenzo bernini	Gian_Lorenzo_Bernini
gian lorenzo bernini or giovanni lorenzo bernini	Gian_Lorenzo_Bernini
giovanni lorenzo bernini	Gian_Lorenzo_Bernini
cry the beloved country	Cry,_the_Beloved_Country
johann wolfgang von goethe	Johann_Wolfgang_von_Goethe
johann von goethe	Johann_Wolfgang_von_Goethe
golgi body or golgi apparatus	Golgi_apparatus
golgi body or apparatus	Golgi_apparatus
golgi bodies or golgi apparatus or golgi complex	Golgi_apparatus
golgi complex or apparatus	Golgi_apparatus
golgi body	Golgi_apparatus
golgi apparatus	Golgi_apparatus
golgi bodyapparatus	Golgi_apparatus
golgi apparatus or golgi body or golgi complex	Golgi_apparatus
golgi apparatusbodycomplexetc	Golgi_apparatus
golgi complex	Golgi_apparatus
golgi apparatusbody	Golgi_apparatus
golgi apparatus or body	Golgi_apparatus
golgi complex or golgi apparatus	Golgi_apparatus
golgi apparatus or complex or body	Golgi_apparatus
golgi apparatus or golgi bodies or golgi sacs	Golgi_apparatus
golgi apparatus or golgi complex or golgi body	Golgi_apparatus
golgi apparatusbodywhatever	Golgi_apparatus
golgi body or golgi complex or golgi apparatus	Golgi_apparatus
golgi bodies or golgi apparatus	Golgi_apparatus
golgi bodies	Golgi_apparatus
golgi apparatuscomplexbody	Golgi_apparatus
golgi apparatus or golgi body	Golgi_apparatus
golgi body or complex or apparatus	Golgi_apparatus
the golgi apparatus	Golgi_apparatus
golgi apparatusbodydictyosomecomplex	Golgi_apparatus
golgi apparatusbodycomplex	Golgi_apparatus
claude debussy	Claude_Debussy
claudeachille debussy	Claude_Debussy
claude achille debussy	Claude_Debussy
achille claude debussy	Claude_Debussy
dynamic viscosity	Viscosity
viscosity or viscous force	Viscosity
dynamic viscosity or absolute viscosity	Viscosity
viscosity	Viscosity
robert frost	Robert_Frost
negative index of refraction	Refractive_index
refractive index or index of refraction	Refractive_index
index of refraction	Refractive_index
index of refraction or refractive index	Refractive_index
refractive index	Refractive_index
tennessee williams	Zoe_Williams
ted williams	Ted_Williams
roger williams	Roger_Williams
“tennessee” williams	Tennessee_Williams
robin williams	Robin_Williams
roy williams	Roy_Williams
john donne	John_Donne
frank lloyd wright	Frank_Lloyd_Wright
sigmund freud	Sigmund_Freud
sigismund schlomo freud	Sigmund_Freud
sigmund schlomo freud	Sigmund_Freud
guiseppe garibaldi	Giuseppe_Garibaldi
giuseppi garibaldi	Giuseppe_Garibaldi
giuseppe garibaldi	Giuseppe_Garibaldi
felix mendelssohnbartholdy	Felix_Mendelssohn
felix mendelssohn	Felix_Mendelssohn
jakob ludwig felix mendelssohn bartholdy	Felix_Mendelssohn
jacob ludwig felix mendelssohnbartholdy	Felix_Mendelssohn
felix mendelssohn bartholdy	Felix_Mendelssohn
moment of inertia tensor or inertia tensor	Moment_of_inertia
first mass moment of inertia	Moment_of_inertia
moment moment electric dipole moment or moment of inertia	Moment_of_inertia
moment of inertia tensor or rotational inertia tensor	Moment_of_inertia
moment of inertia or inertial moment tensor	Moment_of_inertia
answer mass moment of inertia	Moment_of_inertia
moment of inertia	Moment_of_inertia
mass moment of inertia	Moment_of_inertia
charlemagne	Charlemagne
charlemagne or charles the great	Charlemagne
don quixote	Don_Quixote
don quixote de la mancha	Don_Quixote
don quixote of la mancha	Don_Quixote
quixote	Don_Quixote
the adventures of don quixote	Don_Quixote
el ingenioso hildalgo don quixote de la mancha	Don_Quixote
don quixote or alonzo quixano	Don_Quixote
don quixote of la mancha don quijote de la mancha	Don_Quixote
richard strauss	Richard_Strauss
richard georg strauss	Richard_Strauss
richard strauss prompt on strauss	Richard_Strauss
foucaults pendulum or il pendolo di foucault	Léon_Foucault
michael foucault	Michel_Foucault
michel foucault	Michel_Foucault
jean foucault	Léon_Foucault
jb leon foucault	Léon_Foucault
michele foucault	Michel_Foucault
jean bernhard leon foucault	Léon_Foucault
leon foucault	Léon_Foucault
jeanbernardleon foucault	Léon_Foucault
jean bernard leon foucault	Léon_Foucault
sergei sergeyevich prokofiev	Sergei_Prokofiev
sergei sergeievich prokofiev	Sergei_Prokofiev
sergei prokofiev	Sergei_Prokofiev
sergey sergeyevich prokofiev	Sergei_Prokofiev
sergey prokofiev	Sergei_Prokofiev
the great gatsby	The_Great_Gatsby
great gatsby	The_Great_Gatsby
gibbs energy	Gibbs_free_energy
gibbs free energy	Gibbs_free_energy
george friedrich wilhelm hegel	Georg_Wilhelm_Friedrich_Hegel
gw f hegel	Georg_Wilhelm_Friedrich_Hegel
hegel	Georg_Wilhelm_Friedrich_Hegel
georg wilhelm friederich hegel	Georg_Wilhelm_Friedrich_Hegel
georg hegel	Georg_Wilhelm_Friedrich_Hegel
georg friedrich wilhelm hegel	Georg_Wilhelm_Friedrich_Hegel
georg wilhelm frederic hegel	Georg_Wilhelm_Friedrich_Hegel
georg wilhelm friedrich hegel	Georg_Wilhelm_Friedrich_Hegel
g w f hegel	Georg_Wilhelm_Friedrich_Hegel
john keats	John_Keats
bertrand russell	Bertrand_Russell
the tale of genji or genji monogatan or genji monogatari	The_Tale_of_Genji
genji monogatari or the tale of genji	The_Tale_of_Genji
the tale of the genji	The_Tale_of_Genji
tale of genji	The_Tale_of_Genji
the tale of genji	The_Tale_of_Genji
the tale of genji or genji monogatari	The_Tale_of_Genji
enthalpy	Enthalpy
enthalpy or enthalpy change	Enthalpy
enthalpy or heat content	Enthalpy
hydrogen bonding tiebreakerextra	Hydrogen_bond
hydrogen bonding or hydrogen bonds	Hydrogen_bond
hydrogen bond	Hydrogen_bond
hydrogen bonds	Hydrogen_bond
hydrogen bonds or hydrogen bonding	Hydrogen_bond
hydrogen bonding	Hydrogen_bond
the buddha or siddhartha gautama	Gautama_Buddha
siddhartha gautama buddha	Gautama_Buddha
siddhartha gautama or the buddha	Gautama_Buddha
the buddha	Gautama_Buddha
buddha or siddhartha gautama	Gautama_Buddha
the buddha or gautama siddhartha	Gautama_Buddha
the supreme buddha	Gautama_Buddha
the sakyamuni buddha	Gautama_Buddha
buddha	Gautama_Buddha
the gotama buddha	Gautama_Buddha
siddhartha gautama	Gautama_Buddha
siddhartha	Gautama_Buddha
siddharta gautama	Gautama_Buddha
the buddha or siddhartha gautama accept either underlined name	Gautama_Buddha
torque	Torque
bronislaw malinowksi	Bronisław_Malinowski
bronisław kasper malinowski	Bronisław_Malinowski
bronislaw kaspar malinowski	Bronisław_Malinowski
bronislaw malinowski	Bronisław_Malinowski
bronislaw kasper malinowski	Bronisław_Malinowski
bronisaw malinowski	Bronisław_Malinowski
bronisław malinowski	Bronisław_Malinowski
margaret mead	Margaret_Mead
thebes egypt	Thebes,_Egypt
yukio mishima	Yukio_Mishima
yukio mishima or kimitake hiraoka	Yukio_Mishima
yukio mishima accept kimitake hiraoka	Yukio_Mishima
mishima yukio or hiraoka kimitake	Yukio_Mishima
yukio mishima or mishima yukio	Yukio_Mishima
mishima yukio	Yukio_Mishima
echinodermata	Echinoderm
echinodermata or echinoderm	Echinoderm
echinoderms or echinodermata	Echinoderm
echinoderms	Echinoderm
echinodermata or echinoderms	Echinoderm
harry sinclair lewis	Sinclair_Lewis
sinclair lewis	Sinclair_Lewis
peter paul rubens	Peter_Paul_Rubens
peterpaul rubens	Peter_Paul_Rubens
federico garc lorca	Federico_García_Lorca
federico garcía lorca	Federico_García_Lorca
frederico garcia lorca	Federico_García_Lorca
federico garcia lorca	Federico_García_Lorca
igor feodorovich stravinsky	Igor_Stravinsky
igor stravinsky	Igor_Stravinsky
igor fyodorovich stravinsky	Igor_Stravinsky
marc chagall or moishe segal or mark zakharovich shagalov	Marc_Chagall
selfportraits of marc chagall	Marc_Chagall
marc chagall	Marc_Chagall
marc zakharovich chagall	Marc_Chagall
marc chagall or mark shagall	Marc_Chagall
marc zaharovich chagall	Marc_Chagall
mark chagall	Marc_Chagall
virginia woolf nee stephen	Virginia_Woolf
adeline virginia stephen woolf	Virginia_Woolf
adeline virginia woolf	Virginia_Woolf
virginia woolf	Virginia_Woolf
virginia stephen woolf	Virginia_Woolf
christopher marlowe	Christopher_Marlowe
lanka or democratic socialist republic of sri lanka	Sri_Lanka
ceylon or sri lanka	Sri_Lanka
democratic socialist republic of sri lanka	Sri_Lanka
the democratic socialist republic of sri lanka	Sri_Lanka
sri lanka	Sri_Lanka
sri lanka or ceylon	Sri_Lanka
brownian motiondynamics	Brownian_motion
brownian motion or brownian movement	Brownian_motion
brownian motion	Brownian_motion
brownian	Brownian_motion
brownian motion or movement	Brownian_motion
crimean war	Crimean_War
fyodor dostoyevsky	Fyodor_Dostoyevsky
fyodor dostoevsky	Fyodor_Dostoyevsky
fyodor mikhaylovich dostoyevsky	Fyodor_Dostoyevsky
fyodor mikhailovich dostoyevsky	Fyodor_Dostoyevsky
fyodor mikhaylovich dostoevsky	Fyodor_Dostoyevsky
fyodor mikhailovich dostoevsky	Fyodor_Dostoyevsky
willa sibert cather	Willa_Cather
willa cather	Willa_Cather
cather willa sibert	Willa_Cather
willa siebert cather	Willa_Cather
magritte rene francois ghislain	René_Magritte
rené magritte	René_Magritte
rene magritte	René_Magritte
rene francois ghislain magritte	René_Magritte
rené francois ghislain magritte	René_Magritte
rené françois ghislain magritte	René_Magritte
rene françois ghislain magritte	René_Magritte
mario vargas llosa	Mario_Vargas_Llosa
edward elgar	Edward_Elgar
edward elgar tiebreaker extra	Edward_Elgar
sir edward william elgar 1st baronet	Edward_Elgar
sir edward elgar 1st baronet	Edward_Elgar
sir edward elgar	Edward_Elgar
edward william elgar	Edward_Elgar
sir edward william elgar bt om gcvo	Edward_Elgar
sir edward william elgar	Edward_Elgar
liver	Liver
guy du maupassant	Guy_de_Maupassant
henri rené albert guy de maupassant	Guy_de_Maupassant
henryrenealbert guy de maupassant	Guy_de_Maupassant
maupassant	Guy_de_Maupassant
henrirenéalbertguy de maupassant	Guy_de_Maupassant
guy de maupassant	Guy_de_Maupassant
henry rené albert guy de maupassant	Guy_de_Maupassant
henri rene albert guy de maupassant	Guy_de_Maupassant
henri renalbert guy de maupassant	Guy_de_Maupassant
henry rene albert guy de maupassant	Guy_de_Maupassant
levleo nikolayevich tolstoy	Leo_Tolstoy
lev nikolaevich tolstoy	Leo_Tolstoy
leo tolstoy	Leo_Tolstoy
count graf leo lev nikolayevich tolstoy	Leo_Tolstoy
count leo nikoleyivich tolstoy	Leo_Tolstoy
lev nikolayevich tolstoy	Leo_Tolstoy
lev tolstoy	Leo_Tolstoy
the tolstoy family	Leo_Tolstoy
count leo tolstoy	Leo_Tolstoy
leo lev nikolayevich tolstoy	Leo_Tolstoy
count leo nikolayevich tolstoy	Leo_Tolstoy
naguib mahfouz	Naguib_Mahfouz
naghouib mahfouz	Naguib_Mahfouz
naghib mafouz	Naguib_Mahfouz
edvard grieg	Edvard_Grieg
edvard hagerup grieg	Edvard_Grieg
james langston hughes	Langston_Hughes
langston hughes	Langston_Hughes
polymerase chain reaction or pcr	Polymerase_chain_reaction
pcr or polymerase chain reaction	Polymerase_chain_reaction
polymerase chain reaction or pcr early	Polymerase_chain_reaction
polymerase chain reaction	Polymerase_chain_reaction
pcr	Polymerase_chain_reaction
edward franklin albee	Edward_Albee
edward albee	Edward_Albee
edward franklin albee iii	Edward_Albee
ludwig wittgenstein	Ludwig_Wittgenstein
ludwig josef johann wittgenstein	Ludwig_Wittgenstein
ludvig wittgenstein	Ludwig_Wittgenstein
chromatography	Chromatography
wilhelm richard wagner	Richard_Wagner
richard wagner	Richard_Wagner
dmitri shostakovich	Dmitri_Shostakovich
dmitri dmitriyevich shostakovich	Dmitri_Shostakovich
dmitri dmitrievich shostakovich	Dmitri_Shostakovich
dmitry dmitriyevich shostakovich	Dmitri_Shostakovich
dmitri shostakovitch	Dmitri_Shostakovich
dmitri dmitreyivich shostakovich	Dmitri_Shostakovich
dmitry shostakovich	Dmitri_Shostakovich
saul bellow	Saul_Bellow
nadine gordimer	Nadine_Gordimer
charles baudelaire	Charles_Baudelaire
charlespierre baudelaire	Charles_Baudelaire
charles pierre baudelaire	Charles_Baudelaire
ferromagnetism	Magnetic_domain
magnetic domains	Magnetic_domain
yasumari kawabata	Yasunari_Kawabata
yasunari kawabata	Yasunari_Kawabata
kawabata yasunari	Yasunari_Kawabata
eugene ionescu	Eugène_Ionesco
euge ionesco	Eugène_Ionesco
eugène ionesco	Eugène_Ionesco
eugene ionesco	Eugène_Ionesco
salvador dalí	Salvador_Dalí
salvador dalí y domenech	Salvador_Dalí
salvador dali	Salvador_Dalí
william cuthbert faulkner	William_Faulkner
william faulkner	William_Faulkner
sergei vassilyevich rachmaninov or rachmaninoff	Sergei_Rachmaninoff
sergey vasileyvich rachmaninoff	Sergei_Rachmaninoff
sergei rachmaninov	Sergei_Rachmaninoff
sergei vasilyevich rachmaninoff	Sergei_Rachmaninoff
sergei rachmaninoff	Sergei_Rachmaninoff
sergey vasilyevich rachmaninoff	Sergei_Rachmaninoff
sergei vasilievich rachmaninoff	Sergei_Rachmaninoff
sergei vasilevich rachmaninoff	Sergei_Rachmaninoff
sergey rachmaninoff	Sergei_Rachmaninoff
oscar wilde	Oscar_Wilde
akinwunde oluwole “wole” soyinka	Wole_Soyinka
wole soyinka	Wole_Soyinka
akinwande oluwole wole soyinka	Wole_Soyinka
akinwande oluwole soyinka	Wole_Soyinka
eugen bertold friedrich brecht	Bertolt_Brecht
bertholt brecht	Bertolt_Brecht
bertolt eugen friedrich brecht	Bertolt_Brecht
berthold brecht	Bertolt_Brecht
eugen berthold friedrich brecht	Bertolt_Brecht
bertolt brecht	Bertolt_Brecht
bertold brecht	Bertolt_Brecht
bertholdt brecht	Bertolt_Brecht
leonhard paul euler	Leonhard_Euler
leonhard euler	Leonhard_Euler
leonard euler	Leonhard_Euler
michelangelo buenarroti	Michelangelo
michelangelo di ludovico buonarroti simoni	Michelangelo
michelangelo buonarotti	Michelangelo
michelangelo di lodovico buonarroti simoni	Michelangelo
michelangelo di lodovico buonarotti simoni	Michelangelo
michaelangelo buonarroti	Michelangelo
michelangelo buonarroti	Michelangelo
vladimir nabokov	Vladimir_Nabokov
vladimir vladimirovich nabokov	Vladimir_Nabokov
wallace stevens	Wallace_Stevens
samuel taylor coleridge	Samuel_Taylor_Coleridge
kurt vonnegut	Kurt_Vonnegut
kurt vonnegut jr	Kurt_Vonnegut
kurt vonnegut junior	Kurt_Vonnegut
vincent wilhelm van gogh	Vincent_van_Gogh
vincent van gogh	Vincent_van_Gogh
vincent willem van gogh	Vincent_van_Gogh
benjamin or ben jonson	Ben_Jonson
ben jonson	Ben_Jonson
benjamin ben jonson	Ben_Jonson
the nernst equation	Nernst_equation
nernst equation	Nernst_equation
milton friedman	Milton_Friedman
martin heidegger	Martin_Heidegger
heidegger	Martin_Heidegger
sir francis bacon	Francis_Bacon_(artist)
francis bacon	Francis_Bacon_(artist)
ee cummings	E._E._Cummings
e e cummings	E._E._Cummings
edward estlin cummings	E._E._Cummings
gabriel garcía márquez	Gabriel_García_Márquez
gabriel garcia marquez	Gabriel_García_Márquez
gabriel josé garcía márquez	Gabriel_García_Márquez
gabriel jose garcia marquez	Gabriel_García_Márquez
gabriel garcía marquez	Gabriel_García_Márquez
herman melville	Herman_Melville
daniel defoe	Daniel_Defoe
daniel defoe or daniel foe	Daniel_Defoe
johan julius christian “jean” sibelius	Jean_Sibelius
symphonies of jean christian sibelius	Jean_Sibelius
symphonies of jean sibelius	Jean_Sibelius
the symphonies of jean sibelius	Jean_Sibelius
symphonies by jean christian sibelius	Jean_Sibelius
jean sibelius	Jean_Sibelius
venezuela	Venezuela
bolivarian republic of venezuela	Venezuela
republic of venezuela	Venezuela
bolivarian republic of venezuela or republica bolivariana de venezuela	Venezuela
republic of venezuela or republica de venezuela	Venezuela
things fall apart	Things_Fall_Apart
islamic republic of pakistan	Pakistan
diffraction	Diffraction
louis hector berlioz	Hector_Berlioz
hector berlioz	Hector_Berlioz
louishector berlioz	Hector_Berlioz
pragmatism accept word forms accept neopragmatism until “how to” prompt on instrumentalism or instrumentalist pragmatism until “branch”	Pragmatism
pragmatism	Pragmatism
thorstein veblen	Thorstein_Veblen
thorstein bunde veblen	Thorstein_Veblen
photoelectric effect	Photoelectric_effect
the photoelectric effect	Photoelectric_effect
percy shelley	Percy_Bysshe_Shelley
peter bysshe shelley	Percy_Bysshe_Shelley
percey bysshe shelley	Percy_Bysshe_Shelley
percy bysshe shelley	Percy_Bysshe_Shelley
margaret atwood	Margaret_Atwood
margaret eleanor atwood	Margaret_Atwood
lysosomes	Lysosome
lysosome	Lysosome
thirty years’ war	Thirty_Years'_War
thirty years war	Thirty_Years'_War
the thirty years’ war	Thirty_Years'_War
the thirty years war	Thirty_Years'_War
republic of ecuador	Ecuador
ecuador	Ecuador
republic of ecuador or republica del ecuador	Ecuador
repblica del ecuador	Ecuador
gioachino antonio rossini	Gioachino_Rossini
gioachino rossini	Gioachino_Rossini
giaocchino rossini	Gioachino_Rossini
gioacchino rossini	Gioachino_Rossini
gioacchino antonio rossini	Gioachino_Rossini
harmonic oscillators	Harmonic_oscillator
simple harmonic motion	Harmonic_oscillator
simple harmonic oscillator	Harmonic_oscillator
harmonic oscillator	Harmonic_oscillator
simple harmonic oscillators	Harmonic_oscillator
edvard munch	Edvard_Munch
the frieze of life	Edvard_Munch
jack london	Jack_London
oscar claude monet	Claude_Monet
claude oscar monet	Claude_Monet
claude monet	Claude_Monet
oscarclaude monet	Claude_Monet
isabel allende llona	Isabel_Allende
isabel allende	Isabel_Allende
isabelle allende llona	Isabel_Allende
michelangelo merisi de caravaggio	Caravaggio
caravaggio	Caravaggio
michelangelo caravaggio	Caravaggio
michelangelo merisi da caravaggio	Caravaggio
caravaggio or michelangelo merisi	Caravaggio
michelangelo marisi da caravaggio	Caravaggio
michaelangelo merisi de caravaggio	Caravaggio
michaelangelo merisi da caravaggio	Caravaggio
lord of the flies	Lord_of_the_Flies
the flies	Lord_of_the_Flies
the lord of the flies	Lord_of_the_Flies
pierreauguste renoir	Pierre-Auguste_Renoir
pierre renoir	Pierre-Auguste_Renoir
auguste renoir	Pierre-Auguste_Renoir
jean renoir	Pierre-Auguste_Renoir
pierre august renoir	Pierre-Auguste_Renoir
pierre auguste renoir	Pierre-Auguste_Renoir
renoir	Pierre-Auguste_Renoir
william wordsworth	William_Wordsworth_(composer)
benito mussolini	Benito_Mussolini
benito amilcare andrea mussolini	Benito_Mussolini
benito mussolini or il duce	Benito_Mussolini
jean piaget	Jean_Piaget
jean piaget tiebreakerextra	Jean_Piaget
jean william fritz piaget	Jean_Piaget
jingis khan	Genghis_Khan
genghis khan or chingis khan	Genghis_Khan
genghis khan or jenghiz khan or chaangyus khan or temujin	Genghis_Khan
temujin	Genghis_Khan
genghis khan or chinggis or jenghiz or temujin	Genghis_Khan
genghis khan or temujin	Genghis_Khan
genghis khan	Genghis_Khan
genghis khan or chingiz khan or temujin	Genghis_Khan
genghis khan or chinggis khan or temujin	Genghis_Khan
genghis khan or chingis khan or temujin or temuchin	Genghis_Khan
genghis khan or temujin or chengchissuhan	Genghis_Khan
the war of the triple alliance	Paraguayan_War
war of the triple alliance	Paraguayan_War
claude listrauss	Claude_Lévi-Strauss
claude lévistrauss	Claude_Lévi-Strauss
claude levistrauss	Claude_Lévi-Strauss
oliver cromwell	Oliver_Cromwell
james fenimore cooper	James_Fenimore_Cooper
umberto eco	Umberto_Eco
er or endoplasmic reticulum	Endoplasmic_reticulum
endoplasmic reticulum	Endoplasmic_reticulum
endoplasmic reticulum or er	Endoplasmic_reticulum
sarcoplasmic reticulum	Endoplasmic_reticulum
endoplasmic reticulum or er or smooth endoplasmic reticulum or rough endoplasmic	Endoplasmic_reticulum
endoplasmic reticulum or er before mentioned	Endoplasmic_reticulum
heisenberg’s uncertainty principle	Uncertainty_principle
heisenberg uncertainty principle or heisenberg uncertainty principle or heisenberg	Uncertainty_principle
heisenburgs uncertainty principle	Uncertainty_principle
the heisenberg uncertainty principle	Uncertainty_principle
uncertainty principle	Uncertainty_principle
heisenberg uncertainty	Uncertainty_principle
heisenberg uncertainty principle	Uncertainty_principle
heisenbergs uncertainty principle	Uncertainty_principle
titrations	Titration
titration	Titration
titration or titrimetry	Titration
socrates	Trial_of_Socrates
the trial of socrates	Trial_of_Socrates
the death of socrates	Trial_of_Socrates
toni morrison	Toni_Morrison
rembrandt harmenszoon van rjin	Rembrandt
rembrandt harmenszoon van rijn	Rembrandt
rembrandt van rijn	Rembrandt
rembrandt harmeenszoon van rijn	Rembrandt
ralph vaughanwilliams	Ralph_Vaughan_Williams
ralph vaughan williams	Ralph_Vaughan_Williams
ralph vaughnwilliams	Ralph_Vaughan_Williams
war of the roses	Wars_of_the_Roses
wars of the roses	Wars_of_the_Roses
benjamin edward britten baron of aldeburgh	Benjamin_Britten
edward benjamin britten baron britten	Benjamin_Britten
edward benjamin britten	Benjamin_Britten
benjamin britten	Benjamin_Britten
sir benjamin britten	Benjamin_Britten
benjamin britten baron britten of aldeburgh	Benjamin_Britten
peoples republic of china	China
eero saarinen	Eero_Saarinen
ero saarinen	Eero_Saarinen
redox reaction or reductionoxidation reaction or oxidationreduction reaction or electron	Redox
redox reactions or oxidationreduction reactions before reduction or reductionoxidation	Redox
redox reaction	Redox
reduction reactions	Redox
redox reactions or oxidationreduction reactions	Redox
redox reaction or oxidationreduction reaction	Redox
redox reactions	Redox
golding	William_Golding
sir william gerald golding	William_Golding
william gerald golding	William_Golding
sir william golding	William_Golding
william golding	William_Golding
gerard manley hopkins	Gerard_Manley_Hopkins
sir vidiadhar surajprasad naipaul	V._S._Naipaul
v s naipaul	V._S._Naipaul
sir v s naipaul	V._S._Naipaul
vs naipaul	V._S._Naipaul
vidiadhar surajprasad “vs” naipaul	V._S._Naipaul
sir vidiahar surajprasad naipaul	V._S._Naipaul
sir vidiadhar surajprasad naipaul tc	V._S._Naipaul
sir v naipaul	V._S._Naipaul
vidiadhar surajprasad naipaul	V._S._Naipaul
naipaul	V._S._Naipaul
tang or tang dynasty	Tang_dynasty
tang dynasty	Tang_dynasty
enrico fermi	Enrico_Fermi
fermi energy	Enrico_Fermi
hanseatic league or hansa	Hanseatic_League
hansa or hanseatic league or hanse	Hanseatic_League
hansa or hanseatic league	Hanseatic_League
hanseatic league or the hansa	Hanseatic_League
the hanseatic league	Hanseatic_League
the hanseatic league or hansa	Hanseatic_League
hanseatic league	Hanseatic_League
baruch spinoza	Baruch_Spinoza
baruch de spinoza	Baruch_Spinoza
benedict de spinoza	Baruch_Spinoza
benedictus or baruch spinoza	Baruch_Spinoza
bf skinner	B._F._Skinner
b f skinner	B._F._Skinner
burrhus frederic skinner	B._F._Skinner
burrhus frederick skinner	B._F._Skinner
erik erikson	Erik_Erikson
erik homberger erikson	Erik_Erikson
erik homburger erikson	Erik_Erikson
somalia or somali democratic republic	Somalia
somalia or soomaaliya	Somalia
somalia or somali republic	Somalia
somalia or soomaaliya or assumal	Somalia
somalia	Somalia
federal republic of somalia	Somalia
republic of somalia	Somalia
the kinetic energy	Kinetic_energy
kinetic energy	Kinetic_energy
sir winston leonard spencer churchill	Winston_Churchill
sir winston leonardspencer churchill	Winston_Churchill
winston leonard churchill	Winston_Churchill
winston leonard spencer churchill	Winston_Churchill
winston churchill	Winston_Churchill
sir winston leonard spencerchurchill	Winston_Churchill
winston leonard spencerchurchill	Winston_Churchill
winston spencer churchill	Winston_Churchill
james abbott mcneill whistler	James_Abbott_McNeill_Whistler
james abbott mcneil whistler	James_Abbott_McNeill_Whistler
james whistler	James_Abbott_McNeill_Whistler
james macneill whistler	James_Abbott_McNeill_Whistler
james abbot mcneill whistler	James_Abbott_McNeill_Whistler
james mcneill whistler	James_Abbott_McNeill_Whistler
georges santayana	George_Santayana
jorge agustin nicolas ruiz de santayana	George_Santayana
george santayana	George_Santayana
piano concertos of peter ilyich tchaikovsky	Pyotr_Ilyich_Tchaikovsky
pytor ilyich tchaikovsky	Pyotr_Ilyich_Tchaikovsky
symphonies of peter ilyich tchaikovsky	Pyotr_Ilyich_Tchaikovsky
pyotr illyich tchaikovsky	Pyotr_Ilyich_Tchaikovsky
pyotr tchaikovsky	Pyotr_Ilyich_Tchaikovsky
peter ilich tchaikovsky	Pyotr_Ilyich_Tchaikovsky
peter ilyich tchaikovsky	Pyotr_Ilyich_Tchaikovsky
the symphonies of peter ilitch tchaikovsky	Pyotr_Ilyich_Tchaikovsky
peter ilich tchaikovsky or pyotr ilyich tchaikovsky	Pyotr_Ilyich_Tchaikovsky
pyotr ilich tchaikovsky	Pyotr_Ilyich_Tchaikovsky
piotr ilyich tchaikovsky	Pyotr_Ilyich_Tchaikovsky
pyotr ilytch tchaikovsky	Pyotr_Ilyich_Tchaikovsky
pyotr illych tchaikovsky	Pyotr_Ilyich_Tchaikovsky
piotr ilich tchaikovsky	Pyotr_Ilyich_Tchaikovsky
peter tchaikovsky or pyotr ilyich tchaikovsky	Pyotr_Ilyich_Tchaikovsky
piotr ilyitch tchaikovsky	Pyotr_Ilyich_Tchaikovsky
peter tchaikovsky	Pyotr_Ilyich_Tchaikovsky
piotr ilych tchaikovsky	Pyotr_Ilyich_Tchaikovsky
peter ilych tchaikovsky	Pyotr_Ilyich_Tchaikovsky
franz boas	Franz_Boas
coriolis force	Coriolis_force
coriolis force or coriolis effect	Coriolis_force
coriolis effect	Coriolis_force
coriolis effect or coriolis force	Coriolis_force
coriolis effect or force	Coriolis_force
coriolis effectforce	Coriolis_force
coriolis force or effect or acceleration	Coriolis_force
coriolis acceleration or coriolis force	Coriolis_force
émile édouard charles antoine zola	Émile_Zola
émile françois zola	Émile_Zola
émileédouardcharlesantoine zola	Émile_Zola
emile francois zola	Émile_Zola
emile edouardcharlesantoine zola	Émile_Zola
émile zola	Émile_Zola
emile zola	Émile_Zola
mary flannery oconnor	Flannery_O'Connor
flannery o’connor	Flannery_O'Connor
flannery oconnor	Flannery_O'Connor
edward hopper	Edward_Hopper
le corbusier or charlesedouard jeanneret	Le_Corbusier
le corbusier or charles edouard jeanneret related bonus identify the following architects from given clues	Le_Corbusier
le corbusier or charlesédouard jeanneretgris	Le_Corbusier
charlesédouard jeanneretgris	Le_Corbusier
le corbusier or charles edouard jeanneret	Le_Corbusier
le corbusier	Le_Corbusier
stoicism	Stoicism
stoicism or stoic	Stoicism
stoics	Stoicism
bose einstein condensate	Bose-Einstein_condensate
bec or boseeinstein condensate or boseeinstein condensation	Bose-Einstein_condensate
boseeinstein condensate or bec	Bose-Einstein_condensate
boseeinstein condensation or bec	Bose-Einstein_condensate
boseeinstein condensates	Bose-Einstein_condensate
boseeinstein condensate	Bose-Einstein_condensate
boseeinstein condensation	Bose-Einstein_condensate
mohandas karamchand gandhi	Mahatma_Gandhi
mohandas karamchand gandhi or mahatma gandhi	Mahatma_Gandhi
“mahatma” mohandas karamchand gandhi	Mahatma_Gandhi
mohandas k gandhi	Mahatma_Gandhi
mahatma gandhi	Mahatma_Gandhi
mohandas gandhi	Mahatma_Gandhi
mohandas gandhi or mahatma gandhi	Mahatma_Gandhi
mohandas k mahatma gandhi	Mahatma_Gandhi
mohandas karamchand mahatma gandhi	Mahatma_Gandhi
rajiv gandhi	Mahatma_Gandhi
mohandas karamchand “mahatma” gandhi	Mahatma_Gandhi
mahatma gandhi gandhi	Mahatma_Gandhi
the rime of the ancient mariner	The_Rime_of_the_Ancient_Mariner
“the rime of the ancient mariner”	The_Rime_of_the_Ancient_Mariner
rime of the ancient mariner	The_Rime_of_the_Ancient_Mariner
the ancient mariner	The_Rime_of_the_Ancient_Mariner
jd salinger	J._D._Salinger
j d salinger	J._D._Salinger
jerome david salinger	J._D._Salinger
niccolò machiavelli	Niccolò_Machiavelli
niccolo machiavelli	Niccolò_Machiavelli
octavio paz lozano	Octavio_Paz
octavio paz	Octavio_Paz
insulin	Insulin
thomas hobbes	Thomas_Hobbes
the glass menagerie	The_Glass_Menagerie
republic of albania or republika e shqiperia	Albania
republic of albania	Albania
albania	Albania
ozone	Ozone_depletion
ozone hole	Ozone_depletion
charlescamille saintsaens	Camille_Saint-Saëns
camille saintsas	Camille_Saint-Saëns
camille saintsaens	Camille_Saint-Saëns
camille saintseans	Camille_Saint-Saëns
saintsaens	Camille_Saint-Saëns
charles camille saintsaens	Camille_Saint-Saëns
charlescamille saintsaëns	Camille_Saint-Saëns
camille saintsaëns	Camille_Saint-Saëns
napoleon bonaparte	Napoleon
napoleon bonaparte i	Napoleon
emperor napoleon i	Napoleon
napoleon i bonaparte	Napoleon
honore balzac	Honoré_de_Balzac
honoré de balzac	Honoré_de_Balzac
honore de balzac	Honoré_de_Balzac
honorampeacute de balzac	Honoré_de_Balzac
honorã© de balzac	Honoré_de_Balzac
uncle tom’s cabin	Uncle_Tom's_Cabin
uncle tom cabin	Uncle_Tom's_Cabin
uncle toms cabin	Uncle_Tom's_Cabin
uncle toms cabin or life among the lowly	Uncle_Tom's_Cabin
john dewey	John_Dewey
malian empire	Mali_Empire
mali empire	Mali_Empire
john ernst steinbeck junior	John_Steinbeck
george steinbeck	John_Steinbeck
john steinbeck	John_Steinbeck
john ernst steinbeck	John_Steinbeck
john ernst steinbeck jr	John_Steinbeck
george gershwin or jacob gershvin	George_Gershwin
george gershwin or jacob gershovitz	George_Gershwin
george gershwin	George_Gershwin
ribosome	Ribosome
ribosomes	Ribosome
william jennings bryan	William_Jennings_Bryan
omar khayyam	Rubaiyat_of_Omar_Khayyam
the rubaiyat	Rubaiyat_of_Omar_Khayyam
the rubaiyyat of omar khayyam	Rubaiyat_of_Omar_Khayyam
the rubaiyat of omar khayyam	Rubaiyat_of_Omar_Khayyam
rubaiyat of omar khayyam	Rubaiyat_of_Omar_Khayyam
rubaiyat of omar khayyám	Rubaiyat_of_Omar_Khayyam
the rubaiyaat of omar kayyam	Rubaiyat_of_Omar_Khayyam
rubaiyat or rubai	Rubaiyat_of_Omar_Khayyam
the rubaiyat of omar khayyám	Rubaiyat_of_Omar_Khayyam
fibonacci	Fibonacci_number
fibonacci sequence	Fibonacci_number
the fibonacci sequence or fibonacci numbers	Fibonacci_number
fibonacci patterns	Fibonacci_number
fibonacci sequencenumbers	Fibonacci_number
fibonacci sequence accept fibonacci series	Fibonacci_number
fibonacci sequencenumbersseries	Fibonacci_number
fibonacci numbers or fibonacci sequence	Fibonacci_number
fibonacci numbers or fibonacci sequence prompt on fibonacci	Fibonacci_number
fibonacci sequence or fibonacci numbers	Fibonacci_number
fibonacci numbers or sequence	Fibonacci_number
fibonacci sequence or numbers	Fibonacci_number
fibonacci numbers or the fibonacci sequence	Fibonacci_number
turgenev	Ivan_Turgenev
ivan sergeevich turgenev	Ivan_Turgenev
ivan sergeyevich turgenev	Ivan_Turgenev
ivan turgenev	Ivan_Turgenev
e m forster	E._M._Forster
em forster	E._M._Forster
edward morgan forster	E._M._Forster
meiosis or miosis	Meiosis
luigi pirandello	Luigi_Pirandello
jackson pollock	Jackson_Pollock
pollock jackson pollock	Jackson_Pollock
kenzaburo oe	Kenzaburō_Ōe
oe kenzaburo	Kenzaburō_Ōe
kenzaburō ōe	Kenzaburō_Ōe
kenzaburo oe or oe kenzaburo	Kenzaburō_Ōe
mormonism or the church of jesus christ of the latterday saints	The_Church_of_Jesus_Christ_of_Latter-day_Saints
church of jesus christ of latter day saints	The_Church_of_Jesus_Christ_of_Latter-day_Saints
church of jesus christ of latterday saints or lds or mormon church	The_Church_of_Jesus_Christ_of_Latter-day_Saints
mormon or the church of jesus christ of latterday saints	The_Church_of_Jesus_Christ_of_Latter-day_Saints
mormons or church of jesus christ of latterday saints or lds	The_Church_of_Jesus_Christ_of_Latter-day_Saints
church of jesus christ of latterday saints or mormon church	The_Church_of_Jesus_Christ_of_Latter-day_Saints
the church of jesus christ of latterday saints	The_Church_of_Jesus_Christ_of_Latter-day_Saints
lds or church of jesus christ of latter day saints or mormon church	The_Church_of_Jesus_Christ_of_Latter-day_Saints
mormon church or church of jesus christ of latter day saints or lds	The_Church_of_Jesus_Christ_of_Latter-day_Saints
mormons or church of jesus christ of latterday saints	The_Church_of_Jesus_Christ_of_Latter-day_Saints
mormons or church of mormon members or church of jesus christ of latterday saints members or	The_Church_of_Jesus_Christ_of_Latter-day_Saints
gunter grass	Günter_Grass
gunther wilhelm grass	Günter_Grass
günter grass	Günter_Grass
günter wilhelm grass	Günter_Grass
edith hamilton	Edith_Wharton
edith wharton	Edith_Wharton
edith newbold jones wharton	Edith_Wharton
edith newbold wharton	Edith_Wharton
krebs cycle	Citric_acid_cycle
krebs cycle or citric acid cycle or tricarboxylic acid cycle or tca cycle	Citric_acid_cycle
citric acid cycle or krebs cycle or tricarboxylic acid cycle or tca	Citric_acid_cycle
citric acid cycle or krebs cycle or tricarboxylic acid cycle	Citric_acid_cycle
krebs cycle or citric acid cycle	Citric_acid_cycle
krebs cycle or tricarboxylic acid cycle or citric acid cycle	Citric_acid_cycle
krebs cycle or citric acid cycle or tricarboxylic acid cycle or tca	Citric_acid_cycle
citric acid cycle or tricarboxylic acid cycle or tca cycle	Citric_acid_cycle
citric acid cycle	Citric_acid_cycle
krebs or tricarboxylic acid or tca cycle	Citric_acid_cycle
krebs or citric acid or tricarboxylic acid cycle or tca	Citric_acid_cycle
krebbs cycle	Citric_acid_cycle
krebs cycle or tricaboxylic acid cycle or citric acid cycle	Citric_acid_cycle
citric acid	Citric_acid_cycle
tricarboxylic acid cycle tca cycle citric acid cycle krebs cycle	Citric_acid_cycle
krebs or citric acid cycle	Citric_acid_cycle
krebs cycle or tricarboxylic acid cycle or tca cycle or citric acid cycle	Citric_acid_cycle
bernoullis equation or bernoullis principle	Bernoulli's_principle
bernoullis principle effect law or equation	Bernoulli's_principle
bernoulli equation law	Bernoulli's_principle
bernoulli equation or principle	Bernoulli's_principle
bernoulli principle	Bernoulli's_principle
bernoullis equation or principle	Bernoulli's_principle
bernoullis law or principle	Bernoulli's_principle
bernoullis principle or bernoullis equation	Bernoulli's_principle
bernoulli’s principle	Bernoulli's_principle
bernoullis principle law equation or effect	Bernoulli's_principle
bernoullis principle or equations	Bernoulli's_principle
bernoullis law	Bernoulli's_principle
bernoulli equation	Bernoulli's_principle
bernoullis principle or equation	Bernoulli's_principle
bernoullis principle	Bernoulli's_principle
bernoullis principle or law or equation or effect	Bernoulli's_principle
bernoulli principle or bernoulli equation	Bernoulli's_principle
yom kippur war or october war or ramadan war	Yom_Kippur
yom kippur or yom hakippurim	Yom_Kippur
yom kippur	Yom_Kippur
yom kippur or yom hakipurim	Yom_Kippur
yom kippur or day of atonement	Yom_Kippur
meiji ishin or meiji restoration	Meiji_Restoration
meiji restoration	Meiji_Restoration
the meiji restoration or meiji period	Meiji_Restoration
meiji restoration or period	Meiji_Restoration
meiji restoration or meiji period	Meiji_Restoration
meiji restorationperiod	Meiji_Restoration
meiji restoration or meiji period or meiji renewal or	Meiji_Restoration
answer meiji restoration	Meiji_Restoration
cnideria	Cnidaria
cnidaria or coelenterata	Cnidaria
cnidaria	Cnidaria
cnidarians	Cnidaria
cnidaria or cnidarians	Cnidaria
paul cezanne	Paul_Cézanne
paul cézanne	Paul_Cézanne
malaria	Malaria
pride and prejudice	Pride_and_Prejudice
gottfried leibniz	Gottfried_Wilhelm_Leibniz
gottfried wilhelm baron von leibniz	Gottfried_Wilhelm_Leibniz
gottfried wilhelm von leibniz	Gottfried_Wilhelm_Leibniz
gottfried wilhelm leibniz	Gottfried_Wilhelm_Leibniz
leibnitz baron gottfried wihelm von	Gottfried_Wilhelm_Leibniz
frank owen gehry	Frank_Gehry
gehry	Frank_Gehry
frank gehry	Frank_Gehry
béla bartók	Béla_Bartók
béla viktor jános bartók	Béla_Bartók
bela bartok	Béla_Bartók
béla bartóks string quartets	Béla_Bartók
sylvia plaths father	Sylvia_Plath
sylvia plath	Sylvia_Plath
pieter brueghel the elder or peter bruegel	Pieter_Bruegel_the_Elder
pieter brueghel the elder	Pieter_Bruegel_the_Elder
peter breughel the elder	Pieter_Bruegel_the_Elder
pieter bruegel the elder el	Pieter_Bruegel_the_Elder
pieter breugel the elder	Pieter_Bruegel_the_Elder
peter bruegel the elder	Pieter_Bruegel_the_Elder
pieter bruegel the elder	Pieter_Bruegel_the_Elder
pieter breughel the elder	Pieter_Bruegel_the_Elder
pieter “peasant” bruegel the elder	Pieter_Bruegel_the_Elder
peter brueghel the elder	Pieter_Bruegel_the_Elder
thomas malthus	Thomas_Robert_Malthus
thomas robert malthus	Thomas_Robert_Malthus
reverend thomas robert malthus	Thomas_Robert_Malthus
ethers	Ether
clifford geertz	Clifford_Geertz
clifford james geertz	Clifford_Geertz
joseph mccarthy	Joseph_McCarthy
joseph raymond mccarthy	Joseph_McCarthy
carl friedrich gauss	Carl_Friedrich_Gauss
johann carl friedrich gauss	Carl_Friedrich_Gauss
alcotts	Louisa_May_Alcott
louise may alcott	Louisa_May_Alcott
louisa may alcott	Louisa_May_Alcott
alcott	Louisa_May_Alcott
holden caulfield	Holden_Caulfield
harold pinter	Harold_Pinter
ezra weston loomis pound	Ezra_Pound
ezra pound	Ezra_Pound
the importance of being earnest	The_Importance_of_Being_Earnest
mustafa kemal atatürk	Mustafa_Kemal_Atatürk
kemal ataturk	Mustafa_Kemal_Atatürk
mustafa kemal ataturk	Mustafa_Kemal_Atatürk
mustafa kemal or ataturk	Mustafa_Kemal_Atatürk
mustafa kemal or mustafa kemal ataturk	Mustafa_Kemal_Atatürk
kemal atatrk	Mustafa_Kemal_Atatürk
ataturk	Mustafa_Kemal_Atatürk
mustafa kemal or kemal ataturk	Mustafa_Kemal_Atatürk
kemal atatürk	Mustafa_Kemal_Atatürk
jawaharlal pundit nehru	Jawaharlal_Nehru
jawaharlal nehru	Jawaharlal_Nehru
pandit jawaharlal nehru	Jawaharlal_Nehru
taxes	Tax
niels henrik david bohr	Niels_Bohr
niels bohr	Niels_Bohr
conservation of momentum	Momentum
linear momentum	Momentum
precession of the equinoxes	Precession
larmor precession	Precession
gyroscopic precession	Precession
thomas precession	Precession
precession of the equinoxes or equivalents	Precession
precession	Precession
henri matisse	Henri_Matisse
matisse	Henri_Matisse
amelie matisse	Henri_Matisse
henriemilebenoit matisse	Henri_Matisse
henriémilebenoît matisse	Henri_Matisse
johannes van der waals	Johannes_Diderik_van_der_Waals
van der waals equation	Johannes_Diderik_van_der_Waals
van der waals equation of state	Johannes_Diderik_van_der_Waals
van der waals gas	Johannes_Diderik_van_der_Waals
johannes diderik van der waals	Johannes_Diderik_van_der_Waals
the arnolfini wedding portrait	Arnolfini_Portrait
giovanni arnolfini	Arnolfini_Portrait
the arnolfini marriage	Arnolfini_Portrait
the arnolfini wedding	Arnolfini_Portrait
the arnolfini wedding accept the arnolfini marriage the portrait of giovanni arnolfini and his bride wife the arnolfini double portrait and other reasonable equivalents	Arnolfini_Portrait
the arnolfini weddingor giovanni arnolfini and his wife or nearequivalents	Arnolfini_Portrait
the arnolfini portrait	Arnolfini_Portrait
the arnolfini marriage or jan arnolfini and his bride	Arnolfini_Portrait
the arnolfini portrait or	Arnolfini_Portrait
the arnolfini wedding or arnolfini marriage	Arnolfini_Portrait
the arnolfini marriage or the arnolfini wedding or giovanni arnolfini and his bride	Arnolfini_Portrait
leonardo da vinci	Leonardo_da_Vinci
nikita krushchev	Nikita_Khrushchev
nikita sergeyevich khrushchev	Nikita_Khrushchev
nikita khrushchev	Nikita_Khrushchev
nikita kruschev	Nikita_Khrushchev
thomas pynchon jr	Thomas_Pynchon
thomas pynchon	Thomas_Pynchon
thomas ruggles pynchon jr	Thomas_Pynchon
thomas ruggles pynchon	Thomas_Pynchon
glycolysis or the embdenmeyerhoff pathway	Glycolysis
glycolysis accept glycolicious	Glycolysis
glycolysis or embdenmeyerhof pathway	Glycolysis
glycolysis or embdenmeyerhoff pathway	Glycolysis
glycolysis	Glycolysis
glycolysis or glycolytic pathway	Glycolysis
richard b cheney	Dick_Cheney
“dick” cheney	Dick_Cheney
richard b dick cheney	Dick_Cheney
richard dick cheney	Dick_Cheney
alcohols	Alcohol
white phosphorus	White_phosphorus
electron transport chain	Electron_transport_chain
cyrus ii	Cyrus_the_Great
cyrus the great or cyrus ii	Cyrus_the_Great
cyrus ii the great	Cyrus_the_Great
cyrus the great	Cyrus_the_Great
cyrus ii or the great	Cyrus_the_Great
cyrus ii or cyrus the great	Cyrus_the_Great
etruscans or rasna	Etruscan_civilization
etruscan civilization	Etruscan_civilization
the etruscans	Etruscan_civilization
etruscans or rasenna or tyrrhenoi	Etruscan_civilization
etruscans	Etruscan_civilization
gamel abdel nasser hussein	Gamal_Abdel_Nasser
gamel abdul nasser	Gamal_Abdel_Nasser
gamal abdel nasser or jamal abd alnasir	Gamal_Abdel_Nasser
gamal abdel nasser	Gamal_Abdel_Nasser
gamal abdel nasser or jamal abd alnaser or jamal abd annasser	Gamal_Abdel_Nasser
gamal abdel nasser or jamal abd annaser	Gamal_Abdel_Nasser
lake nasser	Gamal_Abdel_Nasser
gamal abdal nasser	Gamal_Abdel_Nasser
sponge or porifera	Sponge
sponges	Sponge
porifera	Sponge
porifera accept sponges before end	Sponge
porifera or poriferans	Sponge
phylum porifera	Sponge
sponges or porifera	Sponge
neutrinos	Neutrino
electron antineutrino	Neutrino
neutrino or antineutrino	Neutrino
electron neutrino	Neutrino
rabindrath tagore	Rabindranath_Tagore
sir rabindranath tagore	Rabindranath_Tagore
rabindranath “gurudev” tagore	Rabindranath_Tagore
rabindranath tagore or thankur	Rabindranath_Tagore
rabindranath tagore	Rabindranath_Tagore
sir gawaine and the greek knight or sir gawayne and the grene knight	Sir_Gawain_and_the_Green_Knight
sir gawain and the green knight	Sir_Gawain_and_the_Green_Knight
the green knight	Sir_Gawain_and_the_Green_Knight
sir gawain	Sir_Gawain_and_the_Green_Knight
friedrich hayek	Friedrich_Hayek
freidrich august von hayek	Friedrich_Hayek
freidrich von hayek	Friedrich_Hayek
friedrich august hayek	Friedrich_Hayek
friedrich von hayek	Friedrich_Hayek
friedrich august von hayek	Friedrich_Hayek
valentin louis georges eugène marcel proust	Marcel_Proust
valentin louis georges eugene marcel proust	Marcel_Proust
marcel proust	Marcel_Proust
teapot dome	Teapot_Dome_scandal
teapot dome scandal mad king ludwig memorial history tournament	Teapot_Dome_scandal
the teapot dome scandal	Teapot_Dome_scandal
teapot dome scandal	Teapot_Dome_scandal
linus	Linus_Pauling
linus pauling	Linus_Pauling
linus carl pauling	Linus_Pauling
sophocles	Sofoklis_Schortsanitis
cf or cystic fibrosis or mucoviscidosis	Cystic_fibrosis
cystic fibrosis or mucoviscoidosis	Cystic_fibrosis
cystic fibrosis	Cystic_fibrosis
cystic fibrosis or cf	Cystic_fibrosis
cf or cystic fibrosis of the pancreas	Cystic_fibrosis
cystic fibrosis or mucovoidosis or mucoviscidosis	Cystic_fibrosis
edgar degas	Edgar_Degas
hilaire germain edgar degas	Edgar_Degas
hillaire germaine edgar degas	Edgar_Degas
hilairegermainedgar degas	Edgar_Degas
hilaire degas	Edgar_Degas
sulfuric acid or vitriolic acid or oil of vitriol	Sulfuric_acid
sulfuric acid	Sulfuric_acid
sulfuric acid or sulfuric acid	Sulfuric_acid
sulfuric acid or h2so4 early	Sulfuric_acid
sulfuric acid or h2so4	Sulfuric_acid
sulfuric acid or sulphuric acid or oil of vitriol or hydrogen sulfate or oleum	Sulfuric_acid
sulfuric acid or hydrogen sulfate or h2so4	Sulfuric_acid
johannes “jan” vermeer	Johannes_Vermeer
jan vermeer	Johannes_Vermeer
johannesjan vermeer	Johannes_Vermeer
jan vermeer van delft	Johannes_Vermeer
jan or johannes vermeer	Johannes_Vermeer
johannes jan vermeer	Johannes_Vermeer
johannes vermeer	Johannes_Vermeer
johannes or jan vermeer	Johannes_Vermeer
nitrogen	Nitrogen
nitrogen or n2	Nitrogen
nitrogen gas	Nitrogen
chairman mao zedong	Mao_Zedong
mao zedong or mao tsetung	Mao_Zedong
mao tsetung	Mao_Zedong
mao zedong	Mao_Zedong
máo zédōng	Mao_Zedong
mao tsetung or zedong	Mao_Zedong
mao zedong tsetung	Mao_Zedong
the cherry orchard	The_Cherry_Orchard
paradise lost	Paradise_Lost
hedda gabbler	Hedda_Gabler
hedda gabler	Hedda_Gabler
edwin arlington robinson	Edwin_Arlington_Robinson
gargantua and pantagruel or the life of gargantua and of pantagruel or la vie de gargantua et de pantagruel	Gargantua_and_Pantagruel
gargantua and pantagruel	Gargantua_and_Pantagruel
the life of gargantua and pantagruel	Gargantua_and_Pantagruel
the life of gargantua and of pantagruel	Gargantua_and_Pantagruel
the picture of dorian grey	The_Picture_of_Dorian_Gray
dorian gray	The_Picture_of_Dorian_Gray
the picture of dorian gray	The_Picture_of_Dorian_Gray
dorian grey	The_Picture_of_Dorian_Gray
esters	Ester
esters or thioester	Ester
special relativity	Special_relativity
special relativity or special theory of relativity	Special_relativity
special theory of relativity	Special_relativity
john cage	John_Cage
john milton cage jr	John_Cage
john milton cage	John_Cage
the adventures of huckleberry finn	Adventures_of_Huckleberry_Finn
huckleberry finn	Adventures_of_Huckleberry_Finn
carlos fuentes	Carlos_Fuentes
their eyes were watching god	Their_Eyes_Were_Watching_God
the legend of zelda	The_Legend_of_Zelda
pierre de fermat	Pierre_de_Fermat
pierre fermat	Pierre_de_Fermat
mughal empire	Mughal_Empire
mughal empire or dynasty	Mughal_Empire
mughal empiredynasty	Mughal_Empire
mughals or moguls	Mughal_Empire
mughal empiredynasty etc	Mughal_Empire
mughal or mogul	Mughal_Empire
mogul or mughal	Mughal_Empire
mughal dynasty or mughals	Mughal_Empire
mughals	Mughal_Empire
the mughal empire	Mughal_Empire
waiting for godot or en attendant godot	Waiting_for_Godot
waiting for godot	Waiting_for_Godot
les miserables	Les_Misérables
les misérables	Les_Misérables
giovanni boccaccio	Giovanni_Boccaccio
war of the spanish succession	War_of_the_Spanish_Succession
the war of spanish succession	War_of_the_Spanish_Succession
the war of the spanish succession	War_of_the_Spanish_Succession
war of spanish succession	War_of_the_Spanish_Succession
fidel alejandro castro ruz	Fidel_Castro
fidel castro ruiz	Fidel_Castro
fidel castro ruz	Fidel_Castro
fidel castro	Fidel_Castro
fidel alejandro castro ruiz	Fidel_Castro
fidel castro ruíz	Fidel_Castro
battle of gettysburg	Battle_of_Gettysburg
blaise pascal	Blaise_Pascal
heat capacity	Heat_capacity
heat capacity or mass or molar specific heat capacity	Heat_capacity
specific heat	Heat_capacity
specific heat or heat capacity	Heat_capacity
specific heat capacity or specific heat	Heat_capacity
specific heat capacity	Heat_capacity
the heat capacity	Heat_capacity
heat capacity or specific heat capacity or specific heat	Heat_capacity
transpirational pull	Xylem
xylem	Xylem
vanity fair	List_of_Vanity_Fair_(British_magazine)_caricatures
magnetic monopoles	Magnetic_monopole
magnetic north pole	Magnetic_monopole
magnetic monopole	Magnetic_monopole
margaret “maggie” thatcher	Margaret_Thatcher
margaret hilda thatcher	Margaret_Thatcher
margaret thatcher	Margaret_Thatcher
the right honourable margaret thatcher baroness thatcher	Margaret_Thatcher
margaret hilda thatcher baroness thatcher	Margaret_Thatcher
lady margaret thatcher	Margaret_Thatcher
margaret thatcher baroness of kesteven	Margaret_Thatcher
fuel cell	Fuel_cell
gustave courbet	Gustave_Courbet
jean désiré gustave courbet	Gustave_Courbet
jean desire gustave courbet	Gustave_Courbet
gustav courbet	Gustave_Courbet
sense and sensibility	Sense_and_Sensibility
romeo and juliet	Romeo_and_Juliet
rip van winkle	Rip_Van_Winkle
jane austen hz	Jane_Austen
jane austen	Jane_Austen
incas or incan empire	Inca_Empire
inca or incan empire	Inca_Empire
incans	Inca_Empire
inca empire	Inca_Empire
the incans	Inca_Empire
incan empire	Inca_Empire
the incan empire	Inca_Empire
inca empire or incas	Inca_Empire
ganesh or ganesha or ganapati or vighneshwara or pillaiyar	Ganesha
ganesh or ganesa or ganapati or ganpati	Ganesha
ganesha	Ganesha
ganesha or ganapati or ganpati	Ganesha
lord ganesha	Ganesha
nikolay rimskykorsakov	Nikolai_Rimsky-Korsakov
nikolai andreyevich rimskykorsakov	Nikolai_Rimsky-Korsakov
nicolay andreyevich rimskykorsakov	Nikolai_Rimsky-Korsakov
nikolai rimskykorsakov	Nikolai_Rimsky-Korsakov
euripides	Euripides
gustav theodore holst	Gustav_Holst
gustav von holst	Gustav_Holst
gustavus theodore von holst	Gustav_Holst
gustav holst	Gustav_Holst
piezoelectrics	Piezoelectricity
piezoelectricity or piezoelectric effect	Piezoelectricity
piezoelectric effect	Piezoelectricity
piezoelectricity	Piezoelectricity
piezoelectric materials	Piezoelectricity
piezoelectricity effect	Piezoelectricity
piezoelectricity or piezoelectricmaterials	Piezoelectricity
piezoelectricity or piezoelectric charge	Piezoelectricity
piezoelectric effect or piezoelectricity	Piezoelectricity
thomas cowperthwait eakins	Thomas_Eakins
thomas eakins	Thomas_Eakins
thomas cowperthwaite eakins	Thomas_Eakins
cholesterol	Cholesterol
collagen	Collagen
benjamin franklin	Benjamin_Franklin
marcel duchamp	Marcel_Duchamp
readymades of marcel duchamp	Marcel_Duchamp
attilla the hun	Attila
attila the hun	Attila
attila the hun flagellum dei	Attila
halogens or group 17	Halogen
halogens	Halogen
the handmaids tale	The_Handmaid's_Tale
michelson­morley experiment	Michelson-Morley_experiment
michelsonmorley experiment	Michelson-Morley_experiment
michelson-morley experiment	Michelson-Morley_experiment
the michelsonmorley experiment	Michelson-Morley_experiment
republic of indonesia or republik indonesia	Indonesia
republic of indonesia	Indonesia
republik indonesia	Indonesia
democratic republic of madagascar	Madagascar
madagascar	Madagascar
the haymarket square riot	Haymarket_affair
haymarket square riot	Haymarket_affair
haymarket riot or massacre	Haymarket_affair
haymarket riot	Haymarket_affair
haymarket square	Haymarket_affair
spleen	Spleen
italo calvino	Italo_Calvino
italio calvino	Italo_Calvino
pulsars or pulsating radio sources	Pulsar
pulsar or pulsating radio star	Pulsar
pulsars or pulsating radio star	Pulsar
pulsars until mentioned	Pulsar
radio pulsars	Pulsar
pulsars	Pulsar
pulsars early	Pulsar
ishtar	Ishtar
milan kundera	Milan_Kundera
idi amin dada	Idi_Amin
idi amin	Idi_Amin
idi amin dada oumee	Idi_Amin
grant wood	Grant_Wood
borneo	Borneo
karamazov	The_Brothers_Karamazov
the brothers karamazov or bratya karamazovy	The_Brothers_Karamazov
the brothers karamazov	The_Brothers_Karamazov
phillip glass	Philip_Glass
philip glass	Philip_Glass
philip morris glass	Philip_Glass
dielsalder reactions	Diels-Alder_reaction
the dielsalder reaction	Diels-Alder_reaction
dielsalder reaction	Diels-Alder_reaction
the rite of spring or le sacre du printemps	The_Rite_of_Spring
the rite of spring	The_Rite_of_Spring
the rite of spring or vesna svyashchennaya	The_Rite_of_Spring
the rite of spring or le sacre du printemps or vesna svyashchennaya	The_Rite_of_Spring
john kenneth galbraith	John_Kenneth_Galbraith
stomach	Curvatures_of_the_stomach
the red badge of courage	The_Red_Badge_of_Courage
general francisco franco bahamonde	Francisco_Franco
francisco franco or francisco paulino hermenegildo teodulo franco bahamonde	Francisco_Franco
francisco paulino hermenegildo teódulo franco bahamonde	Francisco_Franco
general francisco paulino hermenegildo teodulo franco bahamonde	Francisco_Franco
francisco franco bahamonde	Francisco_Franco
francisco franco y bahamonde	Francisco_Franco
francisco paulino hermenegildo teodulo franco y bahamonde	Francisco_Franco
francisco paulino hermenegildo teodulo franco bahamonde	Francisco_Franco
francisco franco	Francisco_Franco
graham greene	Graham_Greene
lake baikal	Lake_Baikal
republic of uganda	Uganda
decembrists or decembristi	Decembrist_revolt
the decembrist revolt or dekabristy	Decembrist_revolt
decemberist revolt or vosstaniye dekabristov	Decembrist_revolt
decembrists or dekabrists	Decembrist_revolt
the decembrists or decembrist uprising or decembrist revolt	Decembrist_revolt
decembrist revolt or rebellion or uprising	Decembrist_revolt
the decembrist uprising or revolt	Decembrist_revolt
decembrist revolt or dekabrist revolt	Decembrist_revolt
decembrist revolt	Decembrist_revolt
the decembrist uprising	Decembrist_revolt
decembrist revolt or decembrist uprising	Decembrist_revolt
decembrist revolt or uprising	Decembrist_revolt
decembrist uprising	Decembrist_revolt
convection	Convection
the scarlet letter	The_Scarlet_Letter
scarlet letter	The_Scarlet_Letter
mark twain	New_York_City_Department_of_Education
noam chomsky	Noam_Chomsky
john coltrane	John_Coltrane
john william coltrane	John_Coltrane
mickey mantle	Mickey_Mantle
great expectations	Great_Expectations
pieter zeeman or zeeman effect	Zeeman_effect
zeeman effect	Zeeman_effect
henry fielding	Henry_Fielding
tb or tuberculosis	Tuberculosis
tuberculosis or mtb	Tuberculosis
mycobacterium tuberculosis or tb	Tuberculosis
tuberculosis	Tuberculosis
tuberculosis or tb	Tuberculosis
tb or tuberculosis or consumption or pulmonary phthisis	Tuberculosis
ideal gas law	Ideal_gas_law
ideal gas	Ideal_gas_law
the ideal gas law	Ideal_gas_law
ideal gas law or ideal gas equation	Ideal_gas_law
ideal gas law or universal gas law	Ideal_gas_law
ideal gas law or universal gas law or perfect gas law or general gas law	Ideal_gas_law
ideal gas law or general gas law or perfect gas law or universal gas law	Ideal_gas_law
benedict arnold	Benedict_Arnold
benedict arnold v	Benedict_Arnold
theodore roosevelt	Theodore_Roosevelt
electrons	Electron
dante degli alighieri	Dante_Alighieri
dante aligheri	Dante_Alighieri
dante aligheri or dante	Dante_Alighieri
dante degli alighieri accept either underlined part accept durante degli alighieri	Dante_Alighieri
dante alighieri	Dante_Alighieri
isak dinesen before blixen	Karen_Blixen
isak dinesen baroness blixenfinecke	Karen_Blixen
karen blixen or isak dinesen	Karen_Blixen
isak christenze dinesen	Karen_Blixen
isak dinesen or baroness karen blixen	Karen_Blixen
karen blixen	Karen_Blixen
isak dinesen or karen blixen	Karen_Blixen
isak dinesen blixenfinecke early	Karen_Blixen
isak dinesen or karen christence dinesen baroness blixenfinecke	Karen_Blixen
karen christenze isak dinesen	Karen_Blixen
karen blixen or isaak dinesin	Karen_Blixen
isak dinesen	Karen_Blixen
winslow homer	Winslow_Homer
the golden bough	The_Golden_Bough
zieglernatta catalyst or reagent	Ziegler-Natta_catalyst
zieglernatta catalysts	Ziegler-Natta_catalyst
zieglernatta catalyst or complex	Ziegler-Natta_catalyst
zieglernatta polymerization	Ziegler-Natta_catalyst
zieglernatta catalyst	Ziegler-Natta_catalyst
geoffrey chaucer	Geoffrey_Chaucer
crystallization of polymers	Crystallization_of_polymers
the thyroid gland	Thyroid
thyroid gland	Thyroid
union of burma or union of myanmar early	Myanmar
union of myanmar or burma or pyidaungzu myanma naingngandaw	Myanmar
burma or myanmar	Myanmar
union of myanmar burma burmese myanmar or pyidaungzu myanma naingngandaw	Myanmar
union of myanmar or burma	Myanmar
republic of the union of myanmar	Myanmar
myanmar or burma	Myanmar
union of myanmar	Myanmar
union of burma or union of myanmar	Myanmar
union of myanmar or union of burma	Myanmar
edouard manet	Édouard_Manet
edward manet	Édouard_Manet
édouard manet	Édouard_Manet
berlin	Berlin
ruth benedict	Ruth_Benedict
weimar republicgermany	Weimar_Republic
weimar republic	Weimar_Republic
wiemar republic	Weimar_Republic
pablo picasso	Pablo_Picasso
pablo ruiz picasso	Pablo_Picasso
russo japanese war	Russo-Japanese_War
russojapanese	Russo-Japanese_War
russojapanese war	Russo-Japanese_War
the russojapanese war	Russo-Japanese_War
russojapanese war of 19045	Russo-Japanese_War
the sorrows of young werther or die leiden des jungen werther	The_Sorrows_of_Young_Werther
sorrows of young werther	The_Sorrows_of_Young_Werther
the sorrows of young werther	The_Sorrows_of_Young_Werther
young werther	The_Sorrows_of_Young_Werther
romulus augustus	Romulus_Augustulus
romulus	Romulus_Augustulus
romulus augustulus	Romulus_Augustulus
chloroplast	Chloroplast
chloroplasts	Chloroplast
modest petrovich musorgsky	Modest_Mussorgsky
modest moussorgsky	Modest_Mussorgsky
modest mussorgsky	Modest_Mussorgsky
modest petrovich mussorgsky	Modest_Mussorgsky
the iceman cometh	The_Iceman_Cometh
francis bret harte	Bret_Harte
bret harte	Bret_Harte
pauli’s exclusion principle	Pauli_exclusion_principle
pauli exclusion principle	Pauli_exclusion_principle
the pauli exclusion principle	Pauli_exclusion_principle
the battle of bosworth field	Battle_of_Bosworth_Field
bosworth field	Battle_of_Bosworth_Field
battle of bosworth	Battle_of_Bosworth_Field
battle of bosworth field or redemore	Battle_of_Bosworth_Field
battle of bosworth field	Battle_of_Bosworth_Field
ludwig mies van der rohe	Ludwig_Mies_van_der_Rohe
ludwig mies van der rohe rohe	Ludwig_Mies_van_der_Rohe
ludwing mies van der rohe	Ludwig_Mies_van_der_Rohe
mies van der rohe	Ludwig_Mies_van_der_Rohe
jeanlouis andré théodore géricault	Théodore_Géricault
théodore gericault	Théodore_Géricault
jeanlouis andre theodore gericault	Théodore_Géricault
theodore gericault	Théodore_Géricault
jean louis theodore gericault	Théodore_Géricault
théodore géricault	Théodore_Géricault
jean louis gericault	Théodore_Géricault
potential energy surface	Potential_energy
potential energy	Potential_energy
potential energy function	Potential_energy
the tartuffe or the impostor	Tartuffe
le tartuffe or the hypocrite	Tartuffe
tartuffe or the impostor	Tartuffe
tartuffe or the imposter	Tartuffe
tokugawa bakufushogunate	Tokugawa_shogunate
tokugawa shogunate or tokugawa bakufu	Tokugawa_shogunate
shogunate	Tokugawa_shogunate
tokugawa shogunate	Tokugawa_shogunate
tokugawa shogunate or the tokugawa bakufu	Tokugawa_shogunate
david copperfield	David_Copperfield
republic of peru	Vice_President_of_Peru
georg friedrich bernhard riemann	Bernhard_Riemann
george friedrich bernhard riemann	Bernhard_Riemann
bernhard riemann	Bernhard_Riemann
georg friedrich bernard riemann	Bernhard_Riemann
richard dick feynman	Richard_Feynman
richard phillips dick feynman	Richard_Feynman
richard phillips feynman	Richard_Feynman
richard feynman	Richard_Feynman
richard philips feynman	Richard_Feynman
richard p feynman	Richard_Feynman
duino elegies	Duino_Elegies
the duino elegies	Duino_Elegies
duino elegies or duineser elegien	Duino_Elegies
duino eligies or duineser elegien	Duino_Elegies
first duino elegy	Duino_Elegies
elegy or elegies	Duino_Elegies
the first duino elegy	Duino_Elegies
neutron stars	Neutron_star
neutron star early	Neutron_star
neutron star	Neutron_star
quarkgluon plasma	Quark-gluon_plasma
quarkgluon plasma or qcd matter	Quark-gluon_plasma
jonathan swift	Jonathan_Swift
sepoy mutiny or sepoy revolt	Indian_Rebellion_of_1857
sepoy mutiny	Indian_Rebellion_of_1857
sepoy rebellion or mutiny	Indian_Rebellion_of_1857
sepoy rebellion	Indian_Rebellion_of_1857
the mutiny on the hms bounty	Indian_Rebellion_of_1857
sepoy mutiny or sepoy rebellion	Indian_Rebellion_of_1857
sepoy rebellion of 1857 or sepoy mutiny of 1857 or sepoy war of 1857 or indian rebellion of 1857	Indian_Rebellion_of_1857
sepoy revoltmutiny	Indian_Rebellion_of_1857
indian rebellion of 1857	Indian_Rebellion_of_1857
the mutiny on the bounty	Indian_Rebellion_of_1857
sepoy rebellion or indian mutiny or great indian rebellion or mutiny of 1857	Indian_Rebellion_of_1857
sepoy mutiny or indian rebellion of 1857 accept indian mutiny accept great rebellion	Indian_Rebellion_of_1857
sepoy mutiny or rebellion	Indian_Rebellion_of_1857
tess of the d’urbervilles	Tess_of_the_d'Urbervilles
tess durbeyfield or tess of the durbervilles	Tess_of_the_d'Urbervilles
tess durbeyfield	Tess_of_the_d'Urbervilles
tess of the durvervilles	Tess_of_the_d'Urbervilles
tess durbeyfield accept “tess of the durbervilles”	Tess_of_the_d'Urbervilles
tess of the durbervilles	Tess_of_the_d'Urbervilles
rainer marie rilke	Rainer_Maria_Rilke
rainier maria rilke	Rainer_Maria_Rilke
rainer maria rilke	Rainer_Maria_Rilke
ranier maria rilke	Rainer_Maria_Rilke
baháí faith	Bahá'í_Faith
baháísm	Bahá'í_Faith
bahaiism	Bahá'í_Faith
bahai or bahaism	Bahá'í_Faith
baha’i	Bahá'í_Faith
baháí	Bahá'í_Faith
bahaism faith	Bahá'í_Faith
baha’i faith	Bahá'í_Faith
the baha’i faith	Bahá'í_Faith
bahá’í faith	Bahá'í_Faith
bahá’í	Bahá'í_Faith
the bahai faith	Bahá'í_Faith
weak nuclear force or interaction	Weak_interaction
nuclear winter	Weak_interaction
weak nuclear force or weak interaction	Weak_interaction
weak nuclear force	Weak_interaction
the weak nuclear force or weak interaction	Weak_interaction
weak interaction	Weak_interaction
weak force or weak interaction	Weak_interaction
the weak nuclear force	Weak_interaction
the weak force	Weak_interaction
weak force or interaction	Weak_interaction
jack kerouac	Jack_Kerouac
jeanlouis jack kerouac	Jack_Kerouac
kerouac	Jack_Kerouac
magna carta or great charter	Magna_Carta
the magna carta	Magna_Carta
magna carta	Magna_Carta
magna carta libertatum	Magna_Carta
the second law of thermodynamics	Second_law_of_thermodynamics
second law of thermodynamics	Second_law_of_thermodynamics
babar or zahir addin muhammad babur	Babur
zahiruddin mohammed babur or baber	Babur
zāhir uddīn mohammad bābur	Babur
zahir uddinmahommed babur	Babur
babur or zahiruddin muhammad	Babur
babur or babar	Babur
babur or babar or baber	Babur
babur or baber	Babur
babur accept zahiruddin muhammad	Babur
babur	Babur
babur or baber or zahiruddin muhammad	Babur
zahir uddin muhammad babur	Babur
maya angelou or marguerite johnson	Maya_Angelou
maya angelou	Maya_Angelou
maya angelou johnson	Maya_Angelou
oliver goldsmith	Oliver_Goldsmith
george orwell	George_Orwell
mauryan dynasty empire	Maurya_Empire
mauryan dynasty	Maurya_Empire
mauryan dynasty or mauryan empire	Maurya_Empire
the mauryan empire	Maurya_Empire
maurya empire	Maurya_Empire
maurya	Maurya_Empire
mauryan empire	Maurya_Empire
mauryan empire or dynasty	Maurya_Empire
mauryan empiredynasty	Maurya_Empire
inflation	Inflation
inflation rate	Inflation
spanishamerican war	Spanish-American_War
the spanishamerican war	Spanish-American_War
pituitary gland or hypophysis or hypophysial gland	Pituitary_gland
anterior pituitary gland	Pituitary_gland
pituitary gland	Pituitary_gland
pituitary gland or hypophysis	Pituitary_gland
the pituitary gland	Pituitary_gland
calvin cycle	Carbon_reactions_(photosynthesis)
the calvin cycle	Carbon_reactions_(photosynthesis)
calvinbenson cyclepathway	Carbon_reactions_(photosynthesis)
calvinbenson ­cycle or dark reactions or c3 photosynthesis	Carbon_reactions_(photosynthesis)
calvinbensonbassham cycle	Carbon_reactions_(photosynthesis)
calvinbenson cycle	Carbon_reactions_(photosynthesis)
calvinbenson cycle or reductive pentose phosphate cycle	Carbon_reactions_(photosynthesis)
second boer war	Second_Boer_War
the second boer war	Second_Boer_War
second boer war or angloboer war or tweede boereoorlog or	Second_Boer_War
second angloboer war	Second_Boer_War
the second angloboer war	Second_Boer_War
johann cristoph friedrich von schiller	Friedrich_Schiller
friedrich von schiller	Friedrich_Schiller
friedrich schiller	Friedrich_Schiller
johann christoph friedrich von schiller	Friedrich_Schiller
rastafari movement	Rastafari
rastifarianism	Rastafari
rastafari movement or rastafarianism	Rastafari
rastafarians	Rastafari
rastafarianism	Rastafari
rastafarian	Rastafari
tammany or tammany hall	Tammany_Hall
tammany hall accept tammany machine but not tammany society	Tammany_Hall
tammany hall	Tammany_Hall
jeremy bentham	George_Bentham
norman mailer	Norman_Mailer
norman kingsley mailer	Norman_Mailer
la traviata or the woman who strayed	La_traviata
la traviata	La_traviata
opikoort cloud	Oort_cloud
the oort cloud	Oort_cloud
oort cloud	Oort_cloud
öpikoort cloud	Oort_cloud
the öpikoort cloud	Oort_cloud
ôpikoort cloud	Oort_cloud
answeroort cloud	Oort_cloud
öort cloud	Oort_cloud
cerenkov radiation	Cherenkov_radiation
čerenkov radiation	Cherenkov_radiation
cherenkov or cerenkov radiation	Cherenkov_radiation
cherenkov effectradiation	Cherenkov_radiation
cherenkov effect or radiation	Cherenkov_radiation
cherenkov radiation or effect or light	Cherenkov_radiation
cherenkov effect or cherenkov radiation	Cherenkov_radiation
cherenkov radiation effect	Cherenkov_radiation
cherenkov radiation	Cherenkov_radiation
le chatelier’s principle or principle of le chatelier	Le_Chatelier's_principle
le chateliers principle	Le_Chatelier's_principle
lechatliers principle	Le_Chatelier's_principle
lechatelier’s principle	Le_Chatelier's_principle
le chatelier’s principle	Le_Chatelier's_principle
horatio nelson or theoretically the duke of bronte	Horatio_Nelson,_1st_Viscount_Nelson
sir horatio nelson	Horatio_Nelson,_1st_Viscount_Nelson
admiral horatio nelson	Horatio_Nelson,_1st_Viscount_Nelson
horatio nelson	Horatio_Nelson,_1st_Viscount_Nelson
horatio gates	Horatio_Nelson,_1st_Viscount_Nelson
vice admiral horatio nelson 1st viscount nelson 1st duke of bronté	Horatio_Nelson,_1st_Viscount_Nelson
viscount horatio nelson	Horatio_Nelson,_1st_Viscount_Nelson
horatio nelson viscount nelson	Horatio_Nelson,_1st_Viscount_Nelson
wh auden	W._H._Auden
w auden	W._H._Auden
wystan hugh auden	W._H._Auden
haberbosch process	Haber_process
haber process or haberbosch process	Haber_process
haberbosch ammonia process	Haber_process
haber process	Haber_process
haber process or bosch process or haberbosch process	Haber_process
brandenburg concertos or brandenburg concerti	Brandenburg_Concertos
brandenburg concertoes	Brandenburg_Concertos
brandenburg concertos or concerti	Brandenburg_Concertos
brandenburg concertos	Brandenburg_Concertos
the brandenburg concertos	Brandenburg_Concertos
six brandenburg concertos bwv 1046-1051 accept either or both parts accept six concerts à plu	Brandenburg_Concertos
the brandenburg concertos or brandenburg concerti bmv 10461051	Brandenburg_Concertos
stephen grover cleveland	Grover_Cleveland
grover cleveland	Grover_Cleveland
bedrich smetana	Bedřich_Smetana
bedvrich smetana	Bedřich_Smetana
bedich smetana	Bedřich_Smetana
bedřich smetana	Bedřich_Smetana
operas by bedrich smetana	Bedřich_Smetana
freezedrying	Freeze-drying
karma police	Karma_Police
mateo falcone	Mateo_Falcone
matchbox twenty	Matchbox_Twenty
mercosur or mercosul or southern cone common market	Mercosur
brian griffin	Brian_Griffin
saintjohn perse	Saint-John_Perse
“tradition and the individual talent”	Ultra_high-net-worth_individual
jeanpierre raffarin	Jean-Pierre_Raffarin
ahmaddiya	Ahmadiyya
invasions of england	Invasion_of_England
aryl halides accept halogenoarene or haloarene prompt on	Aryl_halide
remedios varo	Remedios_Varo
stationary front	Stationary_front
“mr tambourine man”	Mr._Tambourine_Man
mount kailash	Mount_Kailash
university of bologna	University_of_Bologna
parson mason weems	Mason_Locke_Weems
sara teasdale	Sara_Teasdale
marche slave or slavonic march	Marche_slave
francisco sionil josé	F._Sionil_José
human cloning	Human_cloning
gulf of riga	Gulf_of_Riga
zach johnson	Zach_Johnson
arbys	Arby's
the hellfire club	Hellfire_Club
the gag rule or gag resolution	Gag_rule
lake vostok	Lake_Vostok
pkk or kurdistan workers party	Kurdistan_Workers'_Party
oakes ames	Oakes_Ames
james ussher	James_Ussher
mullet	Mullet
torque or moment of force	Torque
recitative	Recitative
gulf of campeche	Bay_of_Campeche
the narrative of arthur gordon pym of nantucket	The_Narrative_of_Arthur_Gordon_Pym_of_Nantucket
taq polymerase	Taq_polymerase
gabriela sabatini	Gabriela_Sabatini
bharati mukherjee	Bharati_Mukherjee
haditha	Haditha
travelogues	Travelogue
changed political party	Yachad_(political_party)
haworth projections	Haworth_projection
greece or ellas or the hellenic republic	Ellas
assassination of georgi markov	Assassin_(game)
helga testorf	Helga_Königsdorf
phooka or pooka or puca or puck	Puka_Urqu
toads	Gastrophryne
fuses	Fuse
scrapbooking	Scrapbooking
quantitative trait loci	Quantitative_trait_locus
geirrod	Geirröd
craigslist	Craigslist
mistral	Mistral
otto bettmann	Otto_Bettmann
richard brautigan	Richard_Brautigan
national fascist party	National_Fascist_Party
virtual console	Virtual_Console
writs	Writ
corpus luteum	Corpus_luteum
john eleuthere du pont	John_du_Pont
teaching mrs tingle	Teaching_Mrs._Tingle
eeny meeny miny mo	Eeny,_meeny,_miny,_moe
onus	Bill_Onus
eephus pitch	Eephus_pitch
coati	Cozumel_Island_coati
doctor johnny fever or john caravella	Dr._Johnny_Fever
black army or revolutionary insurrectionary army of ukraine	Revolutionary_Insurrectionary_Army_of_Ukraine
avatar the last airbender	Avatar:_The_Last_Airbender
morarji desai	Morarji_Desai
battle of boyaca	Battle_of_Boyacá
purple prose or purple passage or purple patch	Purple_prose
khyber pass or khaybar pass or khaibar pass	Khyber_Pass
jan van eyck or johannes van eyck	Jan_van_Eyck
lumpenproletariat	Lumpenproletariat
wheaties	Wheaties
disneyland	Disneyland
webkit	WebKit
dilithium crystal	Dilithium_(Star_Trek)
dehumidifier	Dehumidifier
western athletic conference or wac	Western_Athletic_Conference
simplicissimus	Simplicius_Simplicissimus
kimchi	Kimchi
the grand budapest hotel	The_Grand_Budapest_Hotel
intermediate filaments or ifs	Intermediate_filament
riemann sum	Riemann_sum
selim ii	Selim_II
lazzaro spallanzani	Lazzaro_Spallanzani
bakugan battle brawlers	Bakugan_Battle_Brawlers
marburg colloquy	Marburg_Colloquy
edmund allenby	Edmund_Allenby,_1st_Viscount_Allenby
phyletic gradualism	Gradualism
bin laden family	Bin_Laden_family
sulpicia	Sulpicia
interest rate swaps	Interest_rate_swap
childe hassam	Childe_Hassam
nocturne in black and gold the falling rocket	Nocturne_in_Black_and_Gold_-_The_Falling_Rocket
alien abductions	Alien_abduction
francois pierre guillaume guizot	François_Guizot
armandhippolytelouis fizeau	Hippolyte_Fizeau
pliocene epoch	Pliocene
baroness emmuska orczy	Emma_Orczy
swamplandia	Swamplandia!
lost illusions	Lost_Illusions
david “puddin’head” wilson	Pudd'nhead_Wilson
hans jurgen eysenck	Hans_Eysenck
peertopeer network	Peer-to-peer
land’s end	Land's_End
growth factors	Growth_factor
thg or tetrahydrogestrinone	Tetrahydrogestrinone
roy halladay	Roy_Halladay
castor and pollux or polydeuces	Castor,_Louisiana
waterfall model	Waterfall_model
napier	Napier
stanislao cannizaro	Stanislao_Cannizzaro
hugo alvar hendryk aalto	Alvar_Aalto
sonnet sequence	Sonnet_sequence
whmovement	Wh-movement
benito pérez galdós	Benito_Pérez_Galdós
vegf or vascular endothelial growth factor	Vascular_endothelial_growth_factor
alexander dubcek	Alexander_Dubček
star wars the empire strikes back	The_Empire_Strikes_Back
king crimson	King_Crimson
brides of destruction	Brides_of_Destruction
gramnegative bacteria	Gram-negative_bacteria
the second battle of saint albans	Second_Battle_of_St_Albans
ethanol or ethyl alcohol or c2h5oh	Ethanol
aileron	Aileron
thomas a hendricks	Thomas_A._Hendricks
wang lung	Wang_Lung
lugeing	Luge
lynn margulis	Lynn_Margulis
mr mxyzptlk	Mister_Mxyzptlk
right angles	Right_angle
napoleon crossing the alps	Napoleon_Crossing_the_Alps
edmund l gettier	Edmund_Gettier
daily kos	Daily_Kos
src tyrosine kinase	Tyrosine_kinase
richard avedon	Richard_Avedon
sister mary ignatius	Sister_Mary_Ignatius_Davies
nazi gold	Nazi_gold
new echota	New_Echota
dwyane wade	Dwyane_Wade
wallace shawn	Wallace_Shawn
perdita	Perdita
cardiac arrhythmia	Cardiac_arrhythmia
taiwan china	Taiwan,_China
henri poincare	Institut_Henri_Poincaré
arvydas sabonis	Arvydas_Sabonis
the pink panther	The_Pink_Panther
single layer perceptron	Perceptron
dove awards	GMA_Dove_Award
the peoples court	The_People's_Court
shirley povich	Shirley_Povich
urbain jean joseph leverrier	Urbain_Le_Verrier
the swiss family robinson or der schewizerische robinson	The_Swiss_Family_Robinson
birthstones	Birthstone
hazing	Hazing
bloc quebecois	Bloc_Québécois
gulf of campeche	Bay_of_Campeche
the narrative of arthur gordon pym of nantucket	The_Narrative_of_Arthur_Gordon_Pym_of_Nantucket
taq polymerase	Taq_polymerase
gabriela sabatini	Gabriela_Sabatini
bharati mukherjee	Bharati_Mukherjee
haditha	Haditha
travelogues	Travelogue
changed political party	Yachad_(political_party)
haworth projections	Haworth_projection
greece or ellas or the hellenic republic	Ellas
assassination of georgi markov	Assassin_(game)
helga testorf	Helga_Königsdorf
phooka or pooka or puca or puck	Puka_Urqu
toads	Gastrophryne
fuses	Fuse
scrapbooking	Scrapbooking
quantitative trait loci	Quantitative_trait_locus
geirrod	Geirröd
craigslist	Craigslist
mistral	Mistral
otto bettmann	Otto_Bettmann
richard brautigan	Richard_Brautigan
national fascist party	National_Fascist_Party
virtual console	Virtual_Console
writs	Writ
corpus luteum	Corpus_luteum
john eleuthere du pont	John_du_Pont
teaching mrs tingle	Teaching_Mrs._Tingle
eeny meeny miny mo	Eeny,_meeny,_miny,_moe
onus	Bill_Onus
eephus pitch	Eephus_pitch
coati	Cozumel_Island_coati
doctor johnny fever or john caravella	Dr._Johnny_Fever
black army or revolutionary insurrectionary army of ukraine	Revolutionary_Insurrectionary_Army_of_Ukraine
avatar the last airbender	Avatar:_The_Last_Airbender
morarji desai	Morarji_Desai
battle of boyaca	Battle_of_Boyacá
purple prose or purple passage or purple patch	Purple_prose
khyber pass or khaybar pass or khaibar pass	Khyber_Pass
jan van eyck or johannes van eyck	Jan_van_Eyck
lumpenproletariat	Lumpenproletariat
wheaties	Wheaties
disneyland	Disneyland
webkit	WebKit
dilithium crystal	Dilithium_(Star_Trek)
dehumidifier	Dehumidifier
western athletic conference or wac	Western_Athletic_Conference
simplicissimus	Simplicius_Simplicissimus
kimchi	Kimchi
the grand budapest hotel	The_Grand_Budapest_Hotel
intermediate filaments or ifs	Intermediate_filament
riemann sum	Riemann_sum
selim ii	Selim_II
lazzaro spallanzani	Lazzaro_Spallanzani
bakugan battle brawlers	Bakugan_Battle_Brawlers
marburg colloquy	Marburg_Colloquy
edmund allenby	Edmund_Allenby,_1st_Viscount_Allenby
phyletic gradualism	Gradualism
bin laden family	Bin_Laden_family
sulpicia	Sulpicia
interest rate swaps	Interest_rate_swap
childe hassam	Childe_Hassam
nocturne in black and gold the falling rocket	Nocturne_in_Black_and_Gold_-_The_Falling_Rocket
alien abductions	Alien_abduction
francois pierre guillaume guizot	François_Guizot
armandhippolytelouis fizeau	Hippolyte_Fizeau
pliocene epoch	Pliocene
baroness emmuska orczy	Emma_Orczy
swamplandia	Swamplandia!
lost illusions	Lost_Illusions
david “puddin’head” wilson	Pudd'nhead_Wilson
hans jurgen eysenck	Hans_Eysenck
peertopeer network	Peer-to-peer
land’s end	Land's_End
growth factors	Growth_factor
thg or tetrahydrogestrinone	Tetrahydrogestrinone
roy halladay	Roy_Halladay
castor and pollux or polydeuces	Castor,_Louisiana
waterfall model	Waterfall_model
napier	Napier
stanislao cannizaro	Stanislao_Cannizzaro
hugo alvar hendryk aalto	Alvar_Aalto
sonnet sequence	Sonnet_sequence
whmovement	Wh-movement
benito pérez galdós	Benito_Pérez_Galdós
vegf or vascular endothelial growth factor	Vascular_endothelial_growth_factor
alexander dubcek	Alexander_Dubček
star wars the empire strikes back	The_Empire_Strikes_Back
king crimson	King_Crimson
brides of destruction	Brides_of_Destruction
gramnegative bacteria	Gram-negative_bacteria
the second battle of saint albans	Second_Battle_of_St_Albans
ethanol or ethyl alcohol or c2h5oh	Ethanol
aileron	Aileron
thomas a hendricks	Thomas_A._Hendricks
wang lung	Wang_Lung
lugeing	Luge
lynn margulis	Lynn_Margulis
mr mxyzptlk	Mister_Mxyzptlk
right angles	Right_angle
napoleon crossing the alps	Napoleon_Crossing_the_Alps
edmund l gettier	Edmund_Gettier
daily kos	Daily_Kos
src tyrosine kinase	Tyrosine_kinase
richard avedon	Richard_Avedon
sister mary ignatius	Sister_Mary_Ignatius_Davies
nazi gold	Nazi_gold
new echota	New_Echota
dwyane wade	Dwyane_Wade
wallace shawn	Wallace_Shawn
perdita	Perdita
cardiac arrhythmia	Cardiac_arrhythmia
taiwan china	Taiwan,_China
henri poincare	Institut_Henri_Poincaré
arvydas sabonis	Arvydas_Sabonis
the pink panther	The_Pink_Panther
single layer perceptron	Perceptron
dove awards	GMA_Dove_Award
the peoples court	The_People's_Court
shirley povich	Shirley_Povich
urbain jean joseph leverrier	Urbain_Le_Verrier
the swiss family robinson or der schewizerische robinson	The_Swiss_Family_Robinson
birthstones	Birthstone
hazing	Hazing
bloc quebecois	Bloc_Québécois


