zero	0
five	5
eight	8
1876	1876
ignatius j reilly	A_Confederacy_of_Dunces
a room of ones own	A_Room_of_One's_Own
a season in hell or une saison en enfer	A_Season_in_Hell
a valediction forbidding mourning	A_Valediction:_Forbidding_Mourning
absolute value	Absolute_value
absolute value function	Absolute_value
adams	Adams
islamic republic of afghanistan	Afghanistan
ah wilderness	Ah,_Wilderness!
ahimsa	Ahimsa
jalaluddin muhammad akbar the great	Akbar
akhenaten	Akhenaten
al sharpton	Al_Sharpton
alqaeda	Al-Qaeda
albany plan of union	Albany_Plan
alexander i	Alexander_I_of_Russia
algebra	Algebra
algorithms	Algorithm
ali ibn abu talib	Ali
all quiet on the western front or im westen nichts neues	All_Quiet_on_the_Western_Front
amedeo modigliani	Amedeo_Modigliani
amtrak	Amtrak
the analects	Analects
kwaku anansi	Anansi
saddam hussein altikriti	Anas_Altikriti
andremarie ampere	André-Marie_Ampère
andrew newell wyeth	Andrew_Wyeth
anglozulu war	Anglo-Zulu_War
annapolis	Annapolis,_Maryland
annelida	Annelid
annie hall	Annie_Hall
antigone	Antigone
the apology	Apology
appalachian trail	Appalachian_Trail
aristotle of stagira	Aristotle
arizona cardinals	Arizona_Cardinals
phoenix coyotes	Arizona_Coyotes
republic of armenia	Armenia
arrow of god	Arrow_of_God
arsenic or as	Arsenic
articles	Article
at the moulin rouge	At_the_Moulin_Rouge
atlanta braves	Atlanta_Braves
atoms	Atom
atomic number	Atomic_number
atomic radius	Atomic_radius
attorney general	Attorney_general
aung san suu kyi	Aung_San_Suu_Kyi
aurora borealis	Aurora
austin	Austin,_Texas
commonwealth of australia	Australia
republic of austria	Austria
seven weeks war	Austro-Prussian_War
autobiography	Autobiography
avatar	Avatar
axioms	Axiom
azerbaijan	Azerbaijan
republic of azerbaijan	Azerbaijan
kingdom of bahrain	Bahrain
ballet	Ballet
balloons	Balloon
baltimore maryland	Baltimore
baltimore ravens	Baltimore_Ravens
bananas	Banana
guernica y luno	Basque_civil_law
basques	Basques
the bastille	Bastille
battle of bouvines	Battle_of_Bouvines
gettysburg	Battle_of_Gettysburg
battle of issus	Battle_of_Issus
battle of mohacs	Battle_of_Mohács
okinawa	Battle_of_Okinawa
battle of pharsalus	Battle_of_Pharsalus
battle of poitiers	Battle_of_Poitiers
shiloh	Battle_of_Shiloh
battle of solferino	Battle_of_Solferino
staatliches bauhaus	Bauhaus
bay of biscay	Bay_of_Biscay
bells	Bells
dr benjamin spock	Benjamin_Spock
bering sea	Bering_Sea
republic of biafra	Biafra
binary tree	Binary_tree
birmingham alabama	Birmingham,_Alabama
blackbody	Black_body
blackbody radiation	Black-body_radiation
blood	Blood
the blood knot	Blood_Knot
bobby jindal	Bobby_Jindal
boise	Boise,_Idaho
boko haram	Boko_Haram
bonaparte	Bonaparte
bonus army or bonus expeditionary force	Bonus_Army
job	Book_of_Job
the book of mormon an account written by the hand of mormon upon plates taken from the plates of nephi	Book_of_Mormon
bosons	Boson
bourbon	Bourbon
breakfast at tiffany’s	Breakfast_at_Tiffany's
brown v board of education of topeka kansas	Brown_v._Board_of_Education
bryophytes	Bryophyte
buoyancy	Buoyancy
burkina faso	Burkina_Faso
caches	Cache_(computing)
cadmus	Cadmus
caldera	Caldera
california gold rush	California_Gold_Rush
calvin and hobbes	Calvin_and_Hobbes
camillo benso conte di cavour	Camillo_Benso,_Count_of_Cavour
camp david accords	Camp_David_Accords
cannibalism	Cannibalism
canon	Canon
canonization	Canonization
canossa	Canossa
cao dai	Caodaism
carbon14	Carbon-14
carbonic anhydrase	Carbonic_anhydrase
cargo cult	Cargo_cult
caribbean sea	Caribbean_Sea
karl friedrich gauss	Carl_Friedrich_Gauss
karl wilhelm scheele	Carl_Wilhelm_Scheele
carlsbad caverns national park	Carlsbad_Caverns_National_Park
carlsbad caverns	Carlsbad_Caverns_National_Park
carolingian dynasty	Carolingian_dynasty
casablanca conference	Casablanca_Conference
cascade range	Cascade_Range
caste system	Caste
castle	Castle
catalytic converter	Catalytic_converter
catherine of aragon	Catherine_of_Aragon
cavalleria rusticana or rustic chivalry	Cavalleria_rusticana
caves	Cave
cave paintings	Cave_painting
cell nucleus	Cell_nucleus
cell walls	Cell_wall
center of mass	Center_of_mass
central african republic	Central African Republic
centrifugation	Centrifugation
centrioles	Centriole
csf or cerebrospinal fluid	Cerebrospinal_fluid
cesar chavez	Cesar_Chavez
republic of chad	Chad
chaim potok	Chaim_Potok
chandrasekhar limit	Chandrasekhar_limit
graces	Charites
charlemagne or carolus magnus or karl der grosse or charles the great	Charlemagne
charles brockden brown	Charles_Brockden_Brown
charles robert darwin	Charles_Darwin
charles andre joseph marie de gaulle	Charles_de_Gaulle
charles andré joseph marie de gaulle	Charles_de_Gaulle
charles i of england	Charles_I_of_England
charles kingsley	Charles_Kingsley
charles martel	Charles_Martel
charles augustin de coulomb	Charles-Augustin_de_Coulomb
charlesaugustin de coulomb	Charles-Augustin_de_Coulomb
chartists or chartism	Chartism
chattahoochee river	Chattahoochee_River
ernesto che guevara de la serna	Che_Guevara
checkers speech	Checkers_speech
cheese	Cheese
cherokee nation	Cherokee_Nation
chicago blackhawks	Chicago_Blackhawks
chicken	Chicken
child labor	Child_labour
people’s republic of china	China
chinese room argument	Chinese_room
christiaan huygens	Christiaan_Huygens
churchturing thesis	Church–Turing_thesis
cilia or cilium	Cilium
cirrus clouds	Cirrus_cloud
cities	City
ccc or civilian conservation corps	Civilian_Conservation_Corps
clair de lune	Clair_de_Lune
clarissa	Clarissa
classical conditioning	Classical_conditioning
clausiusclapeyron equation	Clausius–Clapeyron_relation
clement attlee	Clement_Attlee
clemmensen reduction	Clemmensen_reduction
cleveland browns	Cleveland_Browns
cleveland indians	Cleveland_Indians
clint eastwood	Clint_Eastwood
clock	Clock
closed	Closed
cluny	Cluny_Abbey
coase theorem	Coase_theorem
cologne cathedral	Cologne_Cathedral
colors	Color
color blindness	Color_blindness
color vision	Color_vision
republic of colombia	Columbia
column chromatography	Column_chromatography
commodus	Commodus
commutativity	Commutative_property
federal islamic republic of the comoros	Comoros
navierstokes equation	Compact_finite_difference
navierstokes equations	Compact_finite_difference
comstock lode	Comstock_Lode
concorde	Concorde
condensation	Condensation
cone	Cone
confucius	Confucius
democratic republic of the congo	Congo
congo river	Congo_River
consuls	Consul
consul	Consul
continuous	Continuous_function
contrapositive	Contraposition
conway cabal	Conway_Cabal
corals	Coral
cordelia	Cordelia_(King_Lear)
cordell hull	Cordell_Hull
corinthian order	Corinthian_order
correspondence principle	Correspondence_principle
cosi fan tutte	Così_fan_tutte
council of chalcedon	Council_of_Chalcedon
countable	Countable_set
coxeys army	Coxey's_Army
cp violation	CP_violation
crater lake	Crater Lake
the creation	Creation
credit mobilier scandal	Crédit_Mobilier_of_America_scandal
creon	Creon
kt boundary	Cretaceous–Paleogene_boundary
critical point	Critical_point_(thermodynamics)
critique of pure reason or kritik der reinen vernunft	Critique_of_Pure_Reason
crittenden compromise	Crittenden_Compromise
republic of croatia	Croatia
croesus	Croesus
crome yellow	Crome_Yellow
crossing brooklyn ferry	Crossing_Brooklyn_Ferry
crystals	Crystal
great proletarian cultural revolution	Cultural_Revolution
cultural revolution	Cultural_Revolution
curie temperature	Curie_temperature
cuyahoga river	Cuyahoga_River
cyanobacteria	Cyanobacteria
cyclins	Cyclin
cyclopropane	Cyclopropane
republic of cyprus	Cyprus
savinien cyrano de bergerac	Cyrano_de_Bergerac
czech republic	Czech_Republic
d major	D_major
david herbert lawrence	D._H._Lawrence
d w griffith	D._W._Griffith
daddy	Daddy_(poem)
daft punk	Daft_Punk
dag hammarskjold	Dag_Hammarskjöld
daisy buchanan	Daisy_Buchanan
daniel bernoulli	Daniel_Bernoulli
daniel kahneman	Daniel_Kahneman
dark energy	Dark_energy
dartmouth college	Dartmouth_College
darwins finches	Darwin's_finches
the song of the earth or das lied von der erde	Das_Lied_von_der_Erde
king david	David
david cameron	David Cameron
david balfour	David_Balfour
david foster wallace	David_Foster_Wallace
david garrick	David_Garrick
david petraeus	David_Petraeus
david ricardo	David_Ricardo
davissongermer experiment	Davisson–Germer_experiment
death valley	Death_Valley
declaration of the rights of man and citizen	Declaration_of_the_Rights_of_Man_and_of_the_Citizen
deep throat	Deep_Throat
degree	Degree
deism	Deism
delaware river	Delaware River
demand curve	Demand_curve
demian	Demian
democracy in america	Democracy_in_America
mount mckinley	Denali
kingdom of denmark	Denmark
denver colorado	Denver
derek jeter	Derek_Jeter
derek alton walcott	Derek_Walcott
desiderata	Desiderata
detectives	Detective
determinants	Determinant
detroit michigan	Detroit
detroit tigers	Detroit Tigers
diabetes mellitus or dm	Diabetes_mellitus
diamond sutra	Diamond_Sutra
diana	Diana_(mythology)
diaphragm	Diaphragm
ddt	Dichlorodiphenyltrichloroethane
diego velázquez	Diego_Velázquez
diego rodríguez de silva y velázquez	Diego_Velázquez
dienes	Dienes
dimensions	Dimension
dimension	Dimension
dinoflagellates	Dinoflagellate
diogenes	Diogenes
diols	Diol
dionysus or bacchus	Dionysus
diophantine equations	Diophantine_equation
dipole	Dipole
dirac equation	Dirac_equation
dizzy gillespie	Dizzy_Gillespie
djibouti	Djibouti
dna methylation	DNA_methylation
doctor	Doctor
doktor faustus	Doctor_Faustus_(novel)
doctor who	Doctor_Who
doge	Doge
doges of venice	Doge_of_Venice
dominican republic	Dominican Republic
dominik hasek	Dominik_Hašek
domitian	Domitian
the ingenious hidalgo don quixote of la mancha	Don_Quixote
donald ervin knuth	Donald_Knuth
donald rumsfeld	Donald_Rumsfeld
donald trump	Donald_Trump
donatism	Donatism
donner party	Donner_Party
dot product	Dot_product
downs syndrome	Down_syndrome
dr strangelove or how i learned to stop worrying and love the bomb	Dr._Strangelove
drag force	Drag_(physics)
drake passage	Drake_Passage
dream of the red chamber	Dream_of_the_Red_Chamber
dred scott v sandford	Dred_Scott_v._Sandford
drumlins	Drumlin
duma	Duma
dunkirk	Dunkirk
galaxies or galaxy	Dwarf_galaxy
dwight eisenhower	Dwight_D._Eisenhower
e b white	E._B._White
e l doctorow	E._L._Doctorow
benjamin disraeli 1st earl of beaconsfield	Earl_of_Beaconsfield
east germany	East_Germany
east timor	East_Timor
ecce homo	Ecce_homo
echidna	Echidna
economics	Economics
edict of milan	Edict_of_Milan
edmond halley	Edmond_Halley
edmund randolph	Edmund_Randolph
edward bulwerlytton	Edward_Bulwer-Lytton
edward everett	Edward_Everett
edward jenner	Edward_Jenner
edward said	Edward_Said
edward thorndike	Edward_Thorndike
edward lee thorndike	Edward_Thorndike
edward vi	Edward_VI_of_England
edwin powell hubble	Edwin_Hubble
eighth amendment	Eighth_Amendment
eine kleine nachtmusik or a little night music	Eine_kleine_Nachtmusik
republic of el salvador	El Salvador
elba	Elba
elbridge gerry	Elbridge_Gerry
electric dipole moment	Electric_dipole_moment
electric potential	Electric_potential
impedance	Electrical_impedance
electromagnetic induction	Electromagnetic_induction
p orbitals	Electron_configuration
elegy	Elegy
“elegy written in a country churchyard”	Elegy_Written_in_a_Country_Churchyard
elephant	Elephant
eleusinian mysteries	Eleusinian_Mysteries
elie wiesel	Elie_Wiesel
elimination	Elimination_reaction
eliot spitzer	Eliot_Spitzer
eliza doolittle	Eliza_Doolittle
elizabeth bishop	Elizabeth_Bishop
elizabeth gaskell	Elizabeth_Gaskell
elizabeth i of england	Elizabeth_I_of_England
elizabeth warren	Elizabeth_Warren
ellipse	Ellipse
emanuel swedenborg	Emanuel_Swedenborg
emily bronte	Emily_Brontë
emperor of japan	Emperor_of_Japan
enamel	Enamel
endgame or fin de partie	Endgame_(play)
eniac or electronic numerical integrator and computer	ENIAC
enlightenment	Enlightenment
enver hoxha	Enver_Hoxha
epilepsy	Epilepsy
epinephrine	Epinephrine
epiphany	Epiphany
epistasis	Epistasis
epistle to the hebrews	Epistle_to_the_Hebrews
epsteinbarr virus	Epstein–Barr_virus
equal rights amendment or era	Equal_Rights_Amendment
equations of state	Equation_of_state
equilateral triangles	Equilateral_triangle
equus	Equus_(play)
erewhon	Erewhon
eric cantor	Eric_Cantor
eris	Eris
estuary	Estuary
et in arcadia ego	Et_in_Arcadia_ego
eta or euskadi ta askatasuna	ETA_(separatist_group)
federal democratic republic of ethiopia	Ethiopia
ethylene	Ethylene
eugene o’neill	Eugene_O'Neill
eugene victor debs	Eugene_V._Debs
eugenie grandet	Eugénie_Grandet
euler characteristic	Euler_characteristic
euro	Euro
evangeline a tale of acadie	Evangeline
the everglades	Everglades
evil	Evil
evo morales	Evo_Morales
excalibur	Excalibur
exponential function	Exponential_function
eye	Eye
ezra	Ezra
fables	Fable
fagin	Fagin
fair deal	Fair_Deal
fall of constantinople	Fall_of_Constantinople
fanfare for the common man	Fanfare_for_the_Common_Man
fantasia	Fantasia
fasces	Fasces
the fates	Fates
faust	Faust
fcc or federal communications commission	Federal_Communications_Commission
ferdinand	Ferdinand
ferdinand marcos	Ferdinand_Marcos
fermions	Fermion
feynman diagrams	Feynman_diagram
leonardo fibonacci	Fibonacci
fiji	Fiji
finger lakes	Finger_Lakes
republic of finland	Finland
fionn mac cumhaill	Fionn_mac_Cumhaill
fireside chats	Fireside_chats
first battle of bull run or first battle of manassas	First_Battle_of_Bull_Run
first battle of the marne	First_Battle_of_the_Marne
first great awakening	First_Great_Awakening
fitness	Fitness
flagella	Flagellum
the flash	Flash_(comics)
flipflop	Flip-flop
floating point numbers	Floating-point_arithmetic
fluid mosaic model	Fluid_mosaic_model
focal length	Focal_length
fountain of the four rivers	Fontana_dei_Quattro_Fiumi
kyrgyzstan or kyrgyz republic	Football_Federation_of_the_Kyrgyz_Republic
fortran	Fortran
four saints in three acts	Four_Saints_in_Three_Acts
fourteen points	Fourteen Points
fox	Fox
francis galton	Francis_Galton
francisco josé de goya y lucientes	Francisco_Goya
francisco de coronado	Francisco_Vázquez_de_Coronado
franco modigliani	Franco_Modigliani
francois hollande	François_Hollande
francois villon	François_Villon
frank capra	Frank_Capra
frank sinatra	Frank_Sinatra
frankfurt school	Frankfurt_School
franny and zooey	Franny_and_Zooey
franz brentano	Franz_Brentano
frederick i	Frederick_I
frederick i or frederick barbarossa	Frederick_I,_Holy_Roman_Emperor
freemasons or freemasonry	Freemasonry
french and indian war	French_and_Indian_War
the directory	French_Directory
french foreign legion	French_Foreign_Legion
french horn	French_horn
french revolution	French_Revolution
freyja	Freyja
fungi or funguses	Fungus
fur traders descending the missouri	Fur_Traders_Descending_the_Missouri
fusion	Fusion
futurama	Futurama
future tense	Future_tense
futurism	Futurism
fuzzy logic	Fuzzy_logic
g proteins	G_protein
galatea	Galatea
ganesh	Ganesha
ideal gas constant	Gas_constant
gastrulation	Gastrulation
gateway arch	Gateway_Arch
gauss law	Gauss'_law
gausss law	Gauss's_law
geico	GEICO
general motors	General_Motors
genitive case	Genitive_case
genocide	Genocide
georg simon ohm	Georg_Ohm
george clinton	George Clinton
george herbert walker bush	George H. W. Bush
george herbert	George Herbert
george mason	George Mason
george wallace	George Wallace
george washington	George Washington
george custer	George_Armstrong_Custer
george brinton mcclellan	George_B._McClellan
george wesley bellows	George_Bellows
george berkeley bishop of cloyne	George_Berkeley
george bernard shaw	George_Bernard_Shaw
george caleb bingham	George_Caleb_Bingham
george dewey	George_Dewey
george fox	George_Fox
george h w bush bush	George_H._W._Bush
george c marshall	George_Marshall
george gordon meade	George_Meade
george meredith	George_Meredith
george edward pickett	George_Pickett
george pickett	George_Pickett
george c wallace	George_Wallace
george washington cable	George_Washington_Cable
george washingtons farewell address	George_Washington's_Farewell_Address
georgespierre seurat	Georges_Seurat
georgia okeeffe	Georgia_O'Keeffe
georgia totto okeeffe	Georgia_O'Keeffe
geraldine ferraro	Geraldine_Ferraro
geronimo	Geronimo
getulio dornelles vargas	Getúlio_Vargas
getulio vargas	Getúlio_Vargas
the ghent altarpiece	Ghent_Altarpiece
ghost dance	Ghost_Dance
giacomo antonio domenico michele secondo maria puccini	Giacomo_Puccini
gibbsduhem equation	Gibbs–Duhem_equation
giffen good	Giffen_good
marquis de lafayette	Gilbert_du_Motier,_Marquis_de_Lafayette
the gilded age	Gilded_Age
gills	Gill
giovanni pierluigi da palestrina	Giovanni_Pierluigi_da_Palestrina
gitanjali	Gitanjali
gladiators	Gladiator
glasgow	Glasgow
glenn theodore seaborg	Glenn_T._Seaborg
globe theatre	Globe_Theatre
goblin market	Goblin_Market
golan heights	Golan_Heights
gold rushes	Gold_rush
goliath	Goliath
gorgias	Gorgias
gospel according to luke	Gospel_of_Luke
the gospel according to luke	Gospel_of_Luke
friedrich ludwig gottlob frege	Gottlob_Frege
grand slam	Grand_Slam_(tennis)
grant devolson wood	Grant_Wood
gravitys rainbow	Gravity's_Rainbow
great attractor	Great_Attractor
great awakenings	Great_Awakening
great chicago fire	Great_Chicago_Fire
great fire of rome	Great_Fire_of_Rome
great leap forward	Great_Leap_Forward
great sphinx of giza	Great_Sphinx_of_Giza
green eggs and ham	Green_Eggs_and_Ham
greenland or kalaallit nunaat	Greenland
greensleeves	Greensleeves
gregory	Gregory
human growth hormone	Growth_hormone
guanine	Guanine
guard cells	Guard_cell
guillaume apollinaire	Guillaume_Apollinaire
republic of guinea	Guinea
gulf of california	Gulf_of_California
gulf of mexico	Gulf_of_Mexico
gulf of tonkin incident	Gulf_of_Tonkin_incident
gulf of tonkin resolution	Gulf_of_Tonkin_Resolution
the gulf stream	Gulf_Stream
gulliver’s travels	Gulliver's_Travels
gunga din	Gunga_Din
gunter wilhelm grass	Günter_Grass
guyana	Guyana
gyroscope	Gyroscope
herbert george wells	H._G._Wells
writ of habeas corpus	Habeas_corpus
haile selassie	Haile_Selassie
halflife	Half-life
halifax	Halifax
hallheroult process	Hall–Héroult_process
hallelujah chorus	Hallelujah_Chorus
halo	Halo
hamas	Hamas
hamburg	Hamburg
hampton roads conference	Hampton_Roads_Conference
han	Han
hanging gardens of babylon	Hanging_Gardens_of_Babylon
hans bethe	Hans_Bethe
hardyweinberg equilibrium	Hardy–Weinberg_principle
harlem renaissance	Harlem_Renaissance
harmonic	Harmonic
harold bloom	Harold_Bloom
harold ii	Harold_Godwinson
harpsichord	Harpsichord
harry reid	Harry_Reid
hartford	Hartford,_Connecticut
harun alrashid	Harun_al-Rashid
hash function	Hash_function
hatch act	Hatch_Act
havana	Havana
hecuba	Hecuba
hedonism	Hedonism
heian period	Heian_period
helena	Helena
helmholtz energy	Helmholtz_free_energy
hendersonhasselbalch equation	Henderson–Hasselbalch_equation
hendrik antoon lorentz	Hendrik_Lorentz
hendrik lorentz	Hendrik_Lorentz
henry adams	Henry_Adams
henry bessemer	Henry_Bessemer
henry cabot lodge jr	Henry_Cabot_Lodge_Jr.
henry george	Henry_George
henry ii of england	Henry_II_of_England
henry iv of france	Henry_IV_of_France
henry john temple 3rd viscount palmerston	Henry_John_Temple,_3rd_Viscount_Palmerston
henry stimson	Henry_L._Stimson
henry lewis stimson	Henry_L._Stimson
henry v of england	Henry_V_of_England
henry’s law	Henry's_law
hepatitis	Hepatitis
hermann emil fischer	Hermann_Emil_Fischer
hero	Hero
herod the great	Herod_the_Great
hertzsprungrussell diagram	Hertzsprung–Russell_diagram
hesiod	Hesiod
hesperides	Hesperides
hesss law	Hess's_law
hibernation	Hibernation
genji	Hikaru_Genji
himalayas	Himalayas
hindu kush	Hindu_Kush
hippopotamus	Hippopotamus
hms bounty	HMS_Bounty
ho chi minh trail	Ho_Chi_Minh_trail
hobbits	Hobbit
homeopathy or homeopathic medicine	Homeopathy
honey	Honey
hooke’s law	Hooke's_law
hopscotch	Hopscotch
horace mann	Horace_Mann
horatio	Horatio
horatio alger	Horatio_Alger
horatio hornblower	Horatio_Hornblower
house	House
louis ix capet	House_of_Capet
hohenzollern	House_of_Hohenzollern
house of savoy	House_of_Savoy
house of tudor	House_of_Tudor
houston	Houston
houston rockets	Houston_Rockets
houston texans	Houston_Texans
how the other half lives	How_the_Other_Half_Lives
html or hypertext markup language	HTML
hubble space telescope	Hubble_Space_Telescope
hubble constant	Hubble's_law
hubert h humphrey	Hubert_Humphrey
hudson river	Hudson River
huey long	Huey_Long
huffman coding	Huffman_coding
humerus	Humerus
humphry davy	Humphry_Davy
hunds rule	Hund's_rules
republic of hungary	Hungary
hunger	Hunger
fracking	Hydraulic_fracturing
hydrochloric acid	Hydrochloric_acid
i and thou	I_and_Thou
i and thou or ich und du	I_and_Thou
i have a dream speech	I_Have_a_Dream
i sing the body electric	I_Sing_the_Body_Electric
im pei	I._M._Pei
ian mcewan	Ian_McEwan
icons	Icon
iconoclasm	Iconoclasm
if on a winters night a traveler	If_on_a_winter's_night_a_traveler
if on a winter’s night a traveler	If_on_a_winter's_night_a_traveler
st ignatius of loyola	Ignatius_of_Loyola
imines	Imine
imprinting	Imprint
in memoriam a h h	In_Memoriam_A.H.H.
in the steppes of central asia	In_the_Steppes_of_Central_Asia
inchon	Incheon
republic of india	India
india ganarajya	India
indoeuropean	Indo-European
axis amp allies	Infamous_2
dantes inferno	Inferno_(Dante)
infinitive	Infinitive
ingmar bergman	Ingmar_Bergman
insanity defense	Insanity_defense
insulators	Insulator
integration or integral	Integral
iq or intelligence quotient	Intelligence_quotient
intelligence quotient	Intelligence_quotient
intelligent design	Intelligent_design
interest rate	Interest_rate
international brotherhood of teamsters	International_Brotherhood_of_Teamsters
concentration camps	Internment
introns	Introns
invisibility	Invisibility
islamic republic of iran	Iran
republic of iraq	Iraq
republic of ireland	Ireland
irony	Irony
isaac	Isaac
isaac babel	Isaac_Babel
isle royale	Isle_Royale
isomerism	Isomer
isoroku yamamoto	Isoroku_Yamamoto
yamamoto isoroku	Isoroku_Yamamoto
state of israel	Israel
its a wonderful life	It's_a_Wonderful_Life
kingdom of italy	Italy
ivan petrovich pavlov	Ivan_Pavlov
ivan the terrible	Ivan_the_Terrible
ivan iv	Ivan_the_Terrible
ivan the terrible or ivan iv	Ivan_the_Terrible
wilfred of ivanhoe	Ivanhoe
ivo andric	Ivo_Andrić
j m barrie	J._M._Barrie
jaccuse	J'accuse…!
jack nicholson	Jack_Nicholson
paul jackson pollock	Jackson_Pollock
jacobins	Jacobin
jacques necker	Jacques_Necker
jahnteller effect	Jahn–Teller_effect
jakarta	Jakarta
james	James
james abram garfield	James_A._Garfield
james michener	James_A._Michener
james arthur baldwin	James_Baldwin
james frazer	James_George_Frazer
sir james frazer	James_George_Frazer
sir james george frazer	James_George_Frazer
james ii of england	James_II_of_England
james jones	James_Jones
james meredith	James_Meredith
james joule	James_Prescott_Joule
james i of england	James_VI_and_I
james weldon johnson	James_Weldon_Johnson
jammu and kashmir	Jammu_and_Kashmir
janissaries	Janissaries
japanese	Japanese_language
jason bourne	Jason_Bourne
jay gould	Jay_Gould
jeanantoine watteau	Jean-Antoine_Watteau
jeanaugustedominique ingres	Jean-Auguste-Dominique_Ingres
jeanbaptiste colbert	Jean-Baptiste_Colbert
jeanfrancois millet	Jean-François_Millet
jeanhonoré fragonard	Jean-Honoré_Fragonard
jeanpaul marat	Jean-Paul_Marat
jeanphilippe rameau	Jean-Philippe_Rameau
jennie gerhardt	Jennie_Gerhardt
st jerome	Jerome
jerry brown	Jerry Brown
carol moseleybraun	Jesse_Helms
jews	Jews
saint joan of arc	Joan_of_Arc
johann gutenberg	Johannes_Gutenberg
john adams	John_Adams
john brown	John_Brown_(abolitionist)
john bunyan	John_Bunyan
john c breckinridge	John_C._Breckinridge
john cabot or giovanni caboto	John_Cabot
john crowe ransom	John_Crowe_Ransom
john dillinger	John_Dillinger
john edwards	John_Edwards
john milton hay	John_Hay
john hay	John_Hay
john james audubon	John_James_Audubon
john madden	John_Madden
john masefield	John_Masefield
john nance garner	John_Nance_Garner
john of gaunt	John_of_Gaunt
john osborne	John_Osborne
john peter altgeld	John_Peter_Altgeld
john searle	John_Searle
john webster	John_Webster
john of england	John,_King_of_England
jonathan edwards	Jonathan Edwards
jonathan franzen	Jonathan_Franzen
jorge amado	Jorge_Amado
joseph schumpeter	Joseph_Schumpeter
joseph stiglitz	Joseph_Stiglitz
josephson junction	Josephson_effect
juan domingo peron	Juan_Perón
juan domingo perón	Juan_Perón
juan rulfo	Juan_Rulfo
judas iscariot	Judas_Iscariot
juliet	Juliet
julius nyerere	Julius_Nyerere
july revolution	July_Revolution
juno	Juno
jurgen habermas	Jürgen_Habermas
kaddish	Kaddish
kafka on the shore	Kafka_on_the_Shore
kalmar union	Kalmar_Union
kami	Kami
kansasnebraska act	Kansas–Nebraska_Act
karl jaspers	Karl_Jaspers
karl weierstrass	Karl_Weierstrass
karlheinz stockhausen	Karlheinz_Stockhausen
karst topography	Karst
katy perry	Katy_Perry
kelloggbriand pact	Kellogg–Briand_Pact
kennedy	Kennedy
kenneth joseph arrow	Kenneth_Arrow
kentucky derby	Kentucky_Derby
keplers laws of planetary motion	Kepler's_laws_of_planetary_motion
ketone	Ketone
kilgore trout	Kilgore_Trout
republic of kiribati	Kiribati
kit carson	Kit_Carson
knights of labor	Knights_of_Labor
knights templar	Knights_Templar
knownothing party or american party	Know_Nothing
koala	Koala
koans	Kōan
koan	Kōan
kobo abe	Kōbō_Abe
calcutta	Kolkata
kolkata	Kolkata
kryptonite	Kryptonite
krzysztof penderecki	Krzysztof_Penderecki
ku klux klan or kkk	Ku_Klux_Klan
kkk or ku klux klan	Ku_Klux_Klan
kubla khan or a vision in a dream a fragment	Kubla_Khan
edgeworthkuiper belt	Kuiper_belt
kursk	Kursk
mr kurtz	Kurtz_(Heart_of_Darkness)
kyoto protocol	Kyoto_Protocol
kyrgyzstan	Kyrgyzstan
lhopitals rule or lhospitals rule	L'Hôpital's_rule
la donna e mobile	La_donna_è_mobile
la mer or the sea	La_mer_(Debussy)
la mer	La_mer_(Debussy)
lactose	Lactose
lady gaga	Lady_Gaga
laertes	Laertes
laius	Laius
lake ontario	Lake Ontario
lake victoria	Lake Victoria
lake michigan	Lake_Michigan
lake nicaragua	Lake_Nicaragua
lake superior	Lake_Superior
lamb shift	Lamb_shift
lambda calculus	Lambda_calculus
sir lancelot du lac	Lancelot
james mercer langston hughes	Langston_Hughes
lanthanides or lanthanoids	Lanthanide
laocoon	Laocoön
laomedon	Laomedon
lapis lazuli	Lapis_lazuli
laplace transform	Laplace_transform
latin	Latin
law	Law
law of sines	Law_of_sines
t e lawrence or lawrence of arabia	Lawrence_of_Arabia:_The_Authorised_Biography_of_T._E._Lawrence
laws of thermodynamics	Laws_of_thermodynamics
lazarus	Lazarus
lebanon or lebanese republic	Lebanon
republic of lebanon	Lebanon
lebron james	LeBron_James
lech walesa	Lech_Wałęsa
led zeppelin	Led_Zeppelin
leif ericson	Leif_Erikson
leigh hunt	Leigh_Hunt
lendlease	Lend-Lease
leni riefenstahl	Leni_Riefenstahl
lenses	Lens
lenzs law	Lenz's_law
leonid ilyich brezhnev	Leonid_Brezhnev
leopold ii	Leopold_II_of_Belgium
lepanto	Lepanto
les demoiselles davignon	Les_Demoiselles_d'Avignon
les fleurs du mal	Les_Fleurs_du_mal
lesotho	Lesotho
lester bowles pearson	Lester_B._Pearson
lev landau	Lev_Landau
lew wallace	Lew_Wallace
lewis carroll or charles lutwidge dodgson	Lewis_Carroll
liberty bell	Liberty_Bell
libraries	Library
library of congress	Library_of_Congress
life of pi	Life_of_Pi
ligand	Ligand
light	Light
joe christmas	Light_in_August
lil wayne	Lil_Wayne
lineitem veto	Line-item_veto
sapirwhorf hypothesis	Linguistic_relativity
linux	Linux
lion	Lion
liouvilles theorem	Liouville's_theorem
liquid	Liquid
liquid crystal	Liquid_crystal
liquidity trap	Liquidity_trap
lisbon or lisboa	Lisbon
republic of lithuania	Lithuania
lizzie borden	Lizzie_Borden
loch ness monster	Loch_Ness_Monster
logarithms	Logarithm
logic	Logic
london england	London
london dispersion forces	London_dispersion_force
long days journey into night	Long_Day's_Journey_into_Night
looking backward 20001887	Looking_Backward
lorna doone	Lorna_Doone
los angeles dodgers	Los_Angeles_Dodgers
louis dembitz brandeis	Louis_Brandeis
louis comfort tiffany	Louis_Comfort_Tiffany
louis leakey	Louis_Leakey
loves labours lost	Love's_Labour's_Lost
lucy	Lucy
ludwig eduard boltzmann	Ludwig_Boltzmann
ludwig andreas feuerbach	Ludwig_Feuerbach
ludwig feuerbach	Ludwig_Feuerbach
luis bunuel	Luis_Buñuel
luiz inacio lula da silva	Luiz_Inácio_Lula_da_Silva
luke	Luke
st luke	Luke_the_Evangelist
the luncheon of the boating party	Luncheon_of_the_Boating_Party
lycidas	Lycidas
lymph nodes	Lymph_node
lyndon b johnson	Lyndon_B._Johnson
lyrical ballads	Lyrical_Ballads
maastricht treaty	Maastricht_Treaty
the tragedy of macbeth	Macbeth
macedon	Macedonia_(ancient_kingdom)
macedonian wars	Macedonian_Wars
mach number	Mach_number
joaquim maria machado de assis	Machado_de_Assis
macular degeneration	Macular_degeneration
mafia	Mafia
magic squares	Magic_square
magnetism	Magnetism
magnificat	Magnificat
magnitude	Magnitude
the mahdi	Mahdi
mahdi	Mahdi
moses maimonides	Maimonides
corn	Maize
malachi	Malachi
mrs malaprop	Malapropism
republic of mali	Mali
mammoth	Mammoth
man and superman	Man_and_Superman
the man in the iron mask or lhomme au masque de fer	Man_in_the_Iron_Mask
manchukuo	Manchukuo
mandala	Mandala
mantle plumes	Mantle_plume
marches	March_(territorial_entity)
marco rubio	Marco_Rubio
caesar marcus aurelius antoninus augustus	Marcus_Aurelius
marcus cocceius nerva	Marcus_Cocceius_Nerva
marcus junius brutus	Marcus_Junius_Brutus_the_Younger
marduk	Marduk
margaret fuller	Margaret_Fuller
jorge mario pedro vargas llosa	Mario_Vargas_Llosa
markov chain	Markov_chain
maroon 5	Maroon_5
marsupials	Marsupial
marsupials or marsupialia	Marsupial_mole
martin chuzzlewit	Martin_Chuzzlewit
mary wollstonecraft	Mary_Wollstonecraft
masondixon line	Mason–Dixon_line
mathis der maler	Mathis_der_Maler_(opera)
matrices	Matrix_(mathematics)
matrix multiplication	Matrix_multiplication
mau mau rebellion	Mau_Mau_Uprising
maurice merleauponty	Maurice_Merleau-Ponty
maurice sendak	Maurice_Sendak
maximilian carl emil weber	Max_Weber
max wertheimer	Max_Wertheimer
maximilian i of mexico	Maximilian_I_of_Mexico
maximilien françois marie isidore de robespierre	Maximilien_Robespierre
mayan civilization	Maya_civilization
mayans	Maya_civilization
mayan	Maya_civilization
maya lin	Maya_Lin
mayan mythology	Maya_mythology
mayor of chicago	Mayor_of_Chicago
mayor of new york city	Mayor_of_New_York_City
mcdonalds corporation	McDonald's
mean value theorem	Mean_value_theorem
mechanical advantage	Mechanical_advantage
mechanical equilibrium	Mechanical_equilibrium
medina	Medina
melmoth the wanderer	Melmoth_the_Wanderer
mencius	Mencius
menelik ii	Menelik_II
meningitis	Meningitis
mercantilism	Mercantilism
hermes or mercury	Mercury_(mythology)
mercutio	Mercutio
merovingians	Merovingian_dynasty
meselsonstahl experiment	Meselson–Stahl_experiment
mesozoic era	Mesozoic
the messiah	Messiah
messier catalog	Messier_object
metamorphism	Metamorphism
meteorites	Meteorite
methane or ch4	Methane
methodism	Methodism
meter	Metre
mexico city	Mexico City
miami florida	Miami
miami heat	Miami_Heat
micelles	Micelle
michael collins	Michael_Collins
michael steele	Michael_Steele
michele bachmann	Michele_Bachmann
microwaves	Microwave
middlemarch	Middlemarch
middlemarch a study of provincial life	Middlemarch
midnights children	Midnight's_Children
miguel angel asturias	Miguel_Ángel_Asturias
mikhail baryshnikov	Mikhail_Baryshnikov
mikhail ivanovich glinka	Mikhail_Glinka
millerurey experiment	Miller–Urey_experiment
miltiades	Miltiades
milwaukee	Milwaukee
milwaukee brewers	Milwaukee_Brewers
milwaukee bucks	Milwaukee_Bucks
mindanao	Mindanao
minneapolis minnesota	Minneapolis
minnesota twins	Minnesota_Twins
minoan civilization	Minoan_civilization
king minos	Minos
mirror	Mirror
mishnah	Mishnah
mishna	Mishnah
miss lonelyhearts	Miss_Lonelyhearts
mississippi river	Mississippi
mistletoe	Mistletoe
mithra or mithras	Mithraism
moby dick	Moby-Dick
modern family	Modern_Family
mohamed morsi	Mohamed_Morsi
mohenjodaro	Mohenjo-daro
mohs hardness scale	Mohs_scale_of_mineral_hardness
molière	Molière
monaco	Monaco
money	Money
monkey	Monkey
monopsony	Monopsony
monotremes or monotremata	Monotreme
monotremes	Monotreme
baron de montesquieu	Montesquieu
charleslouis de secondat baron de la brede et de montesquieu	Montesquieu
charleslouis de secondat baron de montesquieu	Montesquieu
montreal canadiens	Montreal_Canadiens
earths moon	Moon
the moon	Moon
moraine	Moraine
mordred	Mordred
moses mendelssohn	Moses_Mendelssohn
mossad	Mossad
mother courage and her children	Mother_Courage_and_Her_Children
mount hood	Mount_Hood
mount kenya	Mount_Kenya
mount kosciuszko	Mount_Kosciuszko
mount logan	Mount_Logan
mount mitchell	Mount_Mitchell
mount st helens	Mount_St._Helens
mount vesuvius	Mount_Vesuvius
republic of mozambique	Mozambique
muammar alqaddafi	Muammar_Gaddafi
much ado about nothing	Much_Ado_About_Nothing
multiple sclerosis	Multiple_sclerosis
muscles	Muscle
muscular dystrophy	Muscular_dystrophy
the muses	Muse
music	Music
mutation	Mutation
my ántonia	My_Ántonia
myanmar	Myanmar
myosin	Myosin
nabucco	Nabucco
joan of arc or jeanne darc	Name_of_Joan_of_Arc
naming and necessity	Naming_and_Necessity
rape of nanking	Nanking_Massacre
nash equilibrium	Nash_equilibrium
nathaniel bacon	Nathaniel_Bacon
nation of islam	Nation_of_Islam
national rifle association or nra	National_Rifle_Association
natsume soseki	Natsume_Sōseki
natural logarithm	Natural_logarithm
nausea or la nausee	Nausea_(novel)
nautilus	Nautilus
navajo	Navajo
navigation acts	Navigation_Acts
nawaz sharif	Nawaz_Sharif
nebulas or nebulae	Nebula
ned flanders	Ned_Flanders
nefertiti	Nefertiti
nematodes or nematoda	Nematode
neon	Neon
kingdom of nepal	Nepal
new jersey	New Jersey
new mexico	New Mexico
new brunswick	New_Brunswick
new caledonia	New_Caledonia
new model army	New_Model_Army
new orleans louisiana	New_Orleans
new york rangers	New_York_Rangers
newtons third law of motion	Newton's_laws_of_motion
ngo dinh diem	Ngo_Dinh_Diem
niagara movement	Niagara_Movement
nicolo paganini	Niccolò_Paganini
nicholas biddle	Nicholas_Biddle
nicholas ii of russia	Nicholas_II_of_Russia
nicholas nickleby	Nicholas_Nickleby
nicholas ii romanov	Nicholas_Romanov,_Prince_of_Russia
nick adams	Nick Adams
nicomachean ethics	Nicomachean_Ethics
zendavesta	Niels_Ludvig_Westergaard
republic of niger	Niger
nihilism	Nihilism
nine stories	Nine_Stories
ninetyfive theses	Ninety-five_Theses
nitric oxide	Nitric_oxide
no longer at ease	No_Longer_at_Ease
noise	Noise
nolan ryan	Nolan_Ryan
nominalism	Nominalism
normal distribution	Normal_distribution
north carolina	North Carolina
north korea	North Korea
north korea or democratic peoples republic of korea	North Korea
northern ireland	Northern Ireland
northwest ordinance of 1787	Northwest_Ordinance
kingdom of norway	Norway
novaya zemlya	Novaya_Zemlya
nmr spectroscopy or nuclear magnetic resonance spectroscopy	Nuclear_magnetic_resonance_spectroscopy
nucleolus	Nucleolus
nucleolus or nucleoli	Nucleolus
numidia	Numidia
nuremberg	Nuremberg
nylon	Nylon
oakland raiders	Oakland_Raiders
objects	Object_(computer_science)
objectoriented programming	Object-oriented_programming
oboes	Oboe
occupy wall street	Occupy_Wall_Street
october manifesto	October_Manifesto
ode	Ode
“ode on a grecian urn”	Ode_on_a_Grecian_Urn
the odyssey	Odyssey
oedipus at colonus	Oedipus_at_Colonus
oedipus complex	Oedipus_complex
of mice and men	Of_Mice_and_Men
lennie small	Of_Mice_and_Men
ohio river	Ohio River
ohm’s law	Ohm's_law
okazaki fragments	Okazaki_fragments
oklahoma city	Oklahoma City
olive branch petition	Olive_Branch_Petition
oliver ellsworth	Oliver_Ellsworth
oliver otis howard	Oliver_Otis_Howard
oman	Oman
on the genealogy of morals	On_the_Genealogy_of_Morality
on the waterfront	On_the_Waterfront
oncogenes	Oncogene
onin war	Ōnin_War
ontological argument	Ontological_argument
open door policy	Open_Door_Policy
ophelia	Ophelia
orange river	Orange_River
oratorio	Oratorio
origami	Origami
orlando magic	Orlando_Magic
orogeny	Orogeny
influenza virus	Orthomyxoviridae
the lusiads	Os_Lusíadas
osama bin laden	Osama_bin_Laden
oscar fingal oflahertie wills wilde	Oscar_Wilde
otello	Otello
ottawa	Ottawa
our mutual friend	Our_Mutual_Friend
out of the cradle endlessly rocking	Out_of_the_Cradle_Endlessly_Rocking
oxford movement	Oxford_Movement
ozark mountains	Ozarks
pelham grenville wodehouse	P._G._Wodehouse
pacman	Pac-Man
palladium	Palladium
palmer raids	Palmer_Raids
pamela or virtue rewarded	Pamela;_or,_Virtue_Rewarded
pancho villa or doroteo arango	Pancho_Villa
dr pangloss	Pangloss
panic of 1837	Panic_of_1837
the pantheon	Pantheon,_Rome
paolo uccello or paolo di dono	Paolo_Uccello
paolo uccello	Paolo_Uccello
independent state of papua new guinea	Papua_New_Guinea
paradiso	Paradiso
paraguay river	Paraguay_River
parallax	Parallax
parana river	Paraná_River
paris commune	Paris Commune
parkinson disease	Parkinson's_disease
parmenides	Parmenides
passover	Passover
patrick white	Patrick White
paul adrien maurice dirac	Paul_Dirac
paul dukas	Paul_Dukas
paul ehrlich	Paul_Ehrlich
paul samuelson	Paul_Samuelson
peace of augsburg	Peace_of_Augsburg
pearls	Pearl
pearl harbor	Pearl_Harbor
pearl buck	Pearl_S._Buck
penguin	Penguin
pentagon papers	Pentagon_Papers
pentecostalism	Pentecostalism
pepin the short	Pepin_the_Short
perfect	Perfection
periodic table	Periodic_table
periodic table of the elements	Periodic_table
perl	Perl
peroxides	Peroxide
peroxisomes	Peroxisome
perpetual motion machine	Perpetual_motion
persian empire	Persian_Empire
perth	Perth
perturbation theory	Perturbation_theory
pervez musharraf	Pervez_Musharraf
pete rose	Pete_Rose
peter and the wolf	Peter_and_the_Wolf
peter debye	Peter_Debye
peter minuit	Peter_Minuit
peter pan	Peter_Pan
petition of right	Petition_of_right
peyton manning	Peyton_Manning
ph indicators	pH_indicator
phil mickelson	Phil_Mickelson
philip ii of spain	Philip_II_of_Spain
philip johnson	Philip_Johnson
sir philip sidney	Philip_Sidney
philippe petain	Philippe_Pétain
philistines	Philistines
philosophical investigations	Philosophical_Investigations
phoenix suns	Phoenix_Suns
phosphate	Phosphate
phospholipids	Phospholipid
photons	Photon
pi bonds	Pi_bond
piano concerto	Piano_concerto
pierre curie	Pierre_Curie
pierre elliott trudeau	Pierre_Trudeau
the pines of rome or pini di roma	Pines_of_Rome
pip	Pip_(Great_Expectations)
pippi longstocking	Pippi_Longstocking
planetary nebulae	Planetary_nebula
platelets or thrombocytes	Platelet
duckbilled platypus	Platypus
playing cards	Playing_card
pledge of allegiance	Pledge_of_Allegiance
the pleiades	Pleiades
pleistocene epoch	Pleistocene
grass	Poaceae
poet laureate	Poet_laureate
poincare conjecture	Poincaré_conjecture
republic of poland	Poland
polio	Poliomyelitis
poll tax	Poll_tax
polyploidy	Polyploid
pontiacs rebellion	Pontiac's_War
pope benedict xvi	Pope_Benedict_XVI
pope francis	Pope_Francis
pope john paul ii	Pope_John_Paul_II
popul vuh	Popol_Vuh
population inversion	Population_inversion
populist party	Populist_Party
portinari altarpiece	Portinari_Altarpiece
portland	Portland
alexander portnoy	Portnoy's_Complaint
portugal or portuguese republic	Portugal
positivism	Positivism
positrons	Positron
postmodernism	Postmodernism
potsdam conference	Potsdam_Conference
poynting vector	Poynting_vector
prayer	Prayer
predestination	Predestination
president of mexico	President_of_Mexico
price discrimination	Price_discrimination
primality	Prime_number
prime number	Prime_number
primo levi	Primo_Levi
prince edward island	Prince_Edward_Island
henry the navigator	Prince_Henry_the_Navigator
principia ethica	Principia_Ethica
principia mathematica	Principia_Mathematica
prion	Prion
prisoner’s dilemma	Prisoner's_dilemma
probable cause	Probable_cause
professor james moriarty	Professor_Moriarty
progress and poverty	Progress_and_Poverty
pronouns	Pronoun
prospero	Prospero
provisions of oxford	Provisions_of_Oxford
psychoanalysis	Psychoanalysis
pulley	Pulley
punjab	Punjab_(region)
pure land buddhism	Pure_Land_Buddhism
pwyll	Pwyll
pygmalion	Pygmalion
pyongyang	Pyongyang
pyramids	Pyramid
qatar	Qatar
quantum computers	Quantum_computing
quasimodo	Quasimodo
quidditch	Quidditch
quinine	Quinine
quran or koran	Quran
the quran	Quran
rabies	Rabies
rachel carson	Rachel_Carson
radiation	Radiation
radicals	Radical
radon	Radon
rafael trujillo	Rafael_Trujillo
rafael leonidas trujillo molina	Rafael_Trujillo
rain	Rain
rainer ludwig claisen	Rainer_Ludwig_Claisen
ralph bunche	Ralph_Bunche
ramses	Ramesses
ramses ii or ramses the great	Ramses_II_tank
randall jarrell	Randall_Jarrell
random walk	Random_walk
rational numbers or rationals	Rational_number
ray douglas bradbury	Ray_Bradbury
realism	Realism
rear window	Rear_Window
recep tayyip erdogan	Recep_Tayyip_Erdoğan
erythrocytes	Red_blood_cell
red giants	Red_giant
reichstag	Reichstag_building
religion	Religion
rem	Rem
reptiles or reptilia	Reptile
republic of texas	Republic_of_Texas
restriction enzymes	Restriction_enzyme
resurrection	Resurrection
reverse transcriptase	Reverse_transcriptase
reykjavik	Reykjavík
rhapsody on a theme of paganini	Rhapsody_on_a_Theme_of_Paganini
state of rhode island and providence plantations	Rhode_Island
rhodopsin	Rhodopsin
ribs	Rib_cage
richard	Richard
richard rorty	Richard_Rorty
rick pitino	Rick_Pitino
rigel	Rigel
rites of passage	Rite_of_passage
titanic	RMS_Titanic
rms titanic	RMS_Titanic
rna	RNA
rna interference	RNA_interference
rna polymerase	RNA_polymerase
robert bork	Robert_Bork
robert edward lee	Robert_E._Lee
robert gates	Robert_Gates
robert goddard	Robert_H._Goddard
robert jenkins	Robert_Jenkins
robert louis balfour stevenson	Robert_Louis_Stevenson
robert motherwell	Robert_Motherwell
robert sherwood	Robert_Sherwood
robert smithson	Robert_Smithson
robert taft	Robert_Taft
robertson davies	Robertson_Davies
rockefeller	Rockefeller
roger clemens	Roger_Clemens
roger penrose	Roger_Penrose
roger sherman	Roger_Sherman
romano prodi	Romano_Prodi
the tragedy of romeo and juliet	Romeo_and_Juliet
roosevelt	Roosevelt
roots the saga of an american family	Roots:_The_Saga_of_an_American_Family
rosalind	Rosalind
rosalind franklin	Rosalind_Franklin
rosary	Rosary
rose bowl game	Rose_Bowl_Game
ross ice shelf	Ross_Ice_Shelf
ruby	Ruby
ruhollah khomeini	Ruhollah_Khomeini
rupert murdoch	Rupert_Murdoch
ruth	Ruth_(biblical_figure)
ruth bader ginsburg	Ruth_Bader_Ginsburg
rwandan genocide	Rwandan_genocide
sadducees	Sadducees
sadi carnot	Sadi_Carnot
sailing to byzantium	Sailing_to_Byzantium
saint stephen	Saint_Stephen
saint thomas	Saint_Thomas
sakhalin	Sakhalin
sakhalin island	Sakhalin
saki or hector hugh munro	Saki
salamis	Salamis
sales tax	Sales_tax
sally hemings	Sally_Hemings
salmon p chase	Salmon_P._Chase
samuel houston	Sam_Houston
samarkand	Samarkand
samuel osborne barber ii	Samuel_Barber
dr samuel johnson	Samuel_Johnson
samuel richardson	Samuel_Richardson
san francisco california	San Francisco
san francisco bay	San_Francisco_Bay
san francisco giants	San_Francisco_Giants
the sandman	Sandman
sandra day oconnor	Sandra_Day_O'Connor
saponification	Saponification
sarah palin	Sarah_Palin
sargon i	Sargon_I
satires	Satire
satyricon	Satyricon
saul kripke	Saul_Kripke
samuel johnson	Saumel Johnson
scheherazade	Scheherazade
schlieffen plan	Schlieffen_Plan
schrodingers equation	Schrödinger_equation
scrabble	Scrabble
sea of japan	Sea of Japan
searching	Searching
seattle washington	Seattle
seattle seahawks	Seattle_Seahawks
sedimentary rocks	Sedimentary_rock
seinfeld	Seinfeld
selfportrait in a convex mirror	Self-portrait
semiconductor	Semiconductor
the sermon on the mount	Sermon_on_the_Mount
snakes or serpents	Serpent_(symbolism)
sestina	Sestina
sets	Set_(mathematics)
the seven samurai	Seven_Samurai
seventh amendment	Seventh_Amendment
seville or sevilla	Seville
seward peninsula	Seward_Peninsula
sgt peppers lonely hearts club band	Sgt._Pepper's_Lonely_Hearts_Club_Band
sharia	Sharia
shayss rebellion	Shays'_Rebellion
she stoops to conquer or the mistakes of a night	She_Stoops_to_Conquer
she walks in beauty	She_Walks_in_Beauty
sheep	Sheep
sherman antitrust act	Sherman_Antitrust_Act
shetland islands	Shetland
ships	Ship
ship of fools	Ship_of_fools
shoes	Shoe
shooting an elephant	Shooting_an_Elephant
shutter island	Shutter_Island
sic et non	Sic_et_Non
sicilian vespers	Sicilian_Vespers
sicily or sicilia	Sicily
siena	Siena
sierra nevada	Sierra_Nevada_(U.S.)
freud	Sigmund_Freud
sigurd	Sigurd
silas marner	Silas_Marner
simón bolívar	Simón_Bolívar
sine function	Sine
republic of singapore	Singapore
sioux	Sioux
george gabriel stokes	Sir_George_Stokes,_1st_Baronet
sir kay	Sir_Kay
sixteenth amendment	Sixteenth_Amendment
slaughterhousefive	Slaughterhouse-Five
sleeping	Sleep
sleipnir	Sleipnir
slovakia	Slovakia
slumdog millionaire	Slumdog_Millionaire
snake	Snake
snake river	Snake River
social darwinism	Social_Darwinism
jesuits	Society_of_Jesus
sociobiology	Sociobiology
solar wind	Solar Wind
king solomon	Solomon
solomon islands	Solomon_Islands
solomon r guggenheim museum	Solomon_R._Guggenheim_Museum
song dynasty	Song Dynasty
the song of roland	Song of Roland
song of solomon	Song of Solomon
sons of liberty	Sons_of_Liberty
republic of south africa	South Africa
south carolina	South Carolina
south korea	South Korea
south korea or republic of korea	South Korea
south sudan	South Sudan
south sea bubble	South_Sea_Company
space needle	Space_Needle
the spanish inquisition	Spanish_Inquisition
speaker of the house	Speaker_(politics)
speaker of the united states house of representatives	Speaker_of_the_United_States_House_of_Representatives
spears	Spear
specie circular	Specie_Circular
spectroscopy	Spectroscopy
spirals	Spiral
spiro agnew	Spiro_Agnew
spiro t agnew	Spiro_Agnew
spoon river	Spoon_River
squanto	Squanto
square root	Square_root
st pauls cathedral	St_Paul's_Cathedral
st louis missouri	St._Louis
stained glass	Stained_glass
stamen	Stamen
stamp act of 1765	Stamp_Act_1765
starbucks corporation	Starbucks
static electricity	Static_electricity
stephane mallarme	Stéphane_Mallarmé
stephen arnold douglas	Stephen_A._Douglas
stephen dedalus	Stephen_Dedalus
stephen king	Stephen_King
der steppenwolf	Steppenwolf_(novel)
sterngerlach experiment	Stern–Gerlach_experiment
stimulated emission	Stimulated_emission
storming of the bastille	Storming_of_the_Bastille
strait of magellan	Strait_of_Magellan
strange quark	Strange_quark
strangeness	Strangeness
structuralism	Structuralism
students for a democratic society	Students_for_a_Democratic_Society
submarines	Submarine
subrahmanyan chandrasekhar	Subrahmanyan_Chandrasekhar
republic of the sudan	Sudan
republic of sudan	Sudan
gaius suetonius tranquillus	Suetonius
committing suicide	Suicide
sukarno	Sukarno
sukkoth	Sukkot
mustard gas	Sulfur_mustard
lucius cornelius sulla	Sulla
the sun	Sun
sundiata keita	Sundiata_Keita
superstring theory	Superstring_theory
susanoo	Susanoo-no-Mikoto
sutra	Sutra
sutras	Sutra
india or bharat	Swachh_Bharat_Abhiyan
swamps	Swamp
swan	Swan
kingdom of sweden	Sweden
sword	Sword
sydney opera house	Sydney_Opera_House
symbolic interactionism	Symbolic_interactionism
eroica symphony	Symphony_No._3_(Beethoven)
the symposium	Symposium_(Plato)
syria or syrian arab republic	Syrian_Republic_(1930–58)
republic of tajikistan	Tajikistan
tales of a wayside inn	Tales_of_a_Wayside_Inn
tamburlaine the great	Tamburlaine
tangent	Tangent
daoism	Taoism
tapestry	Tapestry
tariff of abominations	Tariff_of_Abominations
taylor swift	Taylor_Swift
telophase	Telophase
tennis court oath	Tennis_Court_Oath
terence or publius terentius afer	Terence
terminal velocity	Terminal_velocity
tess of the durbervilles a pure woman faithfully presented	Tess_of_the_d'Urbervilles
kingdom of thailand	Thailand
the magic mountain	The Magic Mountain
the republic	The Republic
the 400 blows	The_400_Blows
the french ambassadors	The_Ambassadors_(Holbein)
the anarchy	The_Anarchy
the anatomy lesson of dr tulp	The_Anatomy_Lesson_of_Dr._Nicolaes_Tulp
the anatomy lesson of dr nicolaes tulp	The_Anatomy_Lesson_of_Dr._Nicolaes_Tulp
the anatomy of melancholy	The_Anatomy_of_Melancholy
the bald soprano	The_Bald_Soprano
the ballad of reading gaol	The_Ballad_of_Reading_Gaol
the battle hymn of the republic	The_Battle_Hymn_of_the_Republic
the beaux stratagem	The_Beaux'_Stratagem
the birds	The_Birds_(play)
the birth of a nation	The_Birth_of_a_Nation
the blithedale romance	The_Blithedale_Romance
the bridge on the river kwai	The_Bridge_on_the_River_Kwai
carnival of the animals	The_Carnival_of_the_Animals
the castle	The_Castle_(novel)
narnia	The_Chronicles_of_Narnia
the compleat angler	The_Compleat_Angler
the concept of mind	The_Concept_of_Mind
the count of monte cristo or le comte de monte cristo	The_Count_of_Monte_Cristo
the day of the locust	The_Day_of_the_Locust
the death of artemio cruz	The_Death_of_Artemio_Cruz
the devil and daniel webster	The_Devil_and_Daniel_Webster
the devils dictionary	The_Devil's_Dictionary
the dream songs	The_Dream_Songs
the dumbwaiter	The_Dumb_Waiter
the economist	The_Economist
the education of henry adams	The_Education_of_Henry_Adams
the essence of christianity	The_Essence_of_Christianity
the eve of st agnes	The_Eve_of_St._Agnes
the fault in our stars	The_Fault_in_Our_Stars
the federalist papers	The_Federalist_Papers
the flying dutchman	The_Flying_Dutchman_(opera)
the french lieutenants woman	The_French_Lieutenant's_Woman
the frogs or batrachoi	The_Frogs
garden of earthly delights	The_Garden_of_Earthly_Delights
the god of small things	The_God_of_Small_Things
the golden ass	The_Golden_Ass
the golden bowl	The_Golden_Bowl
the golden notebook	The_Golden_Notebook
the great train robbery	The_Great_Train_Robbery
the hangover	The_Hangover
the hunchback of notredame	The_Hunchback_of_Notre-Dame
the hunters in the snow	The_Hunters_in_the_Snow
the imaginary invalid	The_Imaginary_Invalid
the imitation of christ	The_Imitation_of_Christ
the importance of being earnest a trivial comedy for serious people	The_Importance_of_Being_Earnest
“the legend of sleepy hollow”	The_Legend_of_Sleepy_Hollow
the leopard	The_Leopard
“the lottery”	The_Lottery
“the love song of j alfred prufrock”	The_Love_Song_of_J._Alfred_Prufrock
“the luck of roaring camp”	The_Luck_of_Roaring_Camp
the magic mountain or der zauberberg	The_Magic_Mountain
the man that corrupted hadleyburg	The_Man_That_Corrupted_Hadleyburg
the marble faun	The_Marble_Faun
the mikado or the town of titipu	The_Mikado
the ministers black veil	The_Minister's_Black_Veil
the monkeys paw	The_Monkey's_Paw
the naked and the dead	The_Naked_and_the_Dead
the name of the rose	The_Name_of_the_Rose
the new york times	The_New_York_Times
the night watch	The_Night_Watch
the old curiosity shop	The_Old_Curiosity_Shop
the old gringo	The_Old_Gringo
the passionate shepherd to his love	The_Passionate_Shepherd_to_His_Love
the pearl	The_Pearl_(novel)
the piazza tales	The_Piazza_Tales
the pillow book	The_Pillow_Book
the plague or la peste	The_Plague_(1992_film)
the planets suite	The_Planets
the power and the glory	The_Power_and_the_Glory
“the raven”	The_Raven
the robbers	The_Robbers
the rose tattoo	The_Rose_Tattoo
the sailor who fell from grace with the sea	The_Sailor_Who_Fell_from_Grace_with_the_Sea
“the second coming”	The_Second_Coming_(poem)
the seventh seal	The_Seventh_Seal
the shawshank redemption	The_Shawshank_Redemption
the short happy life of francis macomber	The_Short_Happy_Life_of_Francis_Macomber
the sotweed factor	The_Sot-Weed_Factor
the surrender of breda	The_Surrender_of_Breda
the swiss family robinson	The_Swiss_Family_Robinson
the tenant of wildfell hall	The_Tenant_of_Wildfell_Hall
the threepenny opera	The_Threepenny_Opera
the tin drum or die blechtrommel	The_Tin_Drum
the trial or der prozess	The_Trial
the triumph of death	The_Triumph_of_Death
the trojan women	The_Trojan_Women
“the waste land”	The_Waste_Land
the way of all flesh	The_Way_of_All_Flesh
the weavers	The_Weavers
the wife of baths tale	The_Wife_of_Bath's_Tale
the windup bird chronicle	The_Wind-Up_Bird_Chronicle
the wings of the dove	The_Wings_of_the_Dove
the winter’s tale	The_Winter's_Tale
the woman in white	The_Woman_in_White_(novel)
the world according to garp	The_World_According_to_Garp
“the yellow wallpaper”	The_Yellow_Wallpaper
thelonious monk	Thelonious_Monk
theodor schwann	Theodor_Schwann
theodor adorno	Theodor_W._Adorno
theodore roethke	Theodore_Roethke
absolute temperature	Thermodynamic_temperature
seebeck effect	Thermoelectric_effect
thermosphere	Thermosphere
third crusade	Third Crusade
third punic war	Third_Punic_War
thirteen ways of looking at a blackbird	Thirteen_Ways_of_Looking_at_a_Blackbird
thomas cole	Thomas Cole
thomas graham	Thomas Graham
thomas gray	Thomas Gray
thomas jefferson	Thomas Jefferson
thomas young	Thomas Young
thomas a becket	Thomas_Becket
thomas chatterton	Thomas_Chatterton
thomas conway	Thomas_Conway
thomas cranmer	Thomas_Cranmer
thomas edison	Thomas_Edison
thomas hooker	Thomas_Hooker
thomas hunt morgan	Thomas_Hunt_Morgan
thomas kyd	Thomas_Kyd
paul thomas mann	Thomas_Mann
sir thomas more	Thomas_More
thomas wolfe	Thomas_Wolfe
thomson scattering	Thomson_scattering
three gorges dam	Three_Gorges_Dam
three musicians	Three_Musicians
three places in new england	Three_Places_in_New_England
tiberius julius caesar augustus	Tiberius
tibet autonomous region	Tibet_Autonomous_Region
timaeus	Timaeus_(dialogue)
time of troubles	Time_of_troubles
timothy geithner	Timothy_Geithner
tintern abbey	Tintern_Abbey
tiresias	Tiresias
titian or tiziano vecelli	Titian
to the lighthouse	To the Lighthouse
“to an athlete dying young”	To_an_Athlete_Dying_Young
to autumn	To_Autumn
“to his coy mistress”	To_His_Coy_Mistress
tokamak	Tokamak
toledo	Toledo
toltecs	Toltec
tom clancy	Tom_Clancy
teeth	Tooth
topaz	Topaz
toronto blue jays	Toronto_Blue_Jays
totemism	Totem
totem and taboo	Totem_and_Taboo
tower of babel	Tower_of_Babel
p53	TP53
tractatus logicophilosophicus	Tractatus_Logico-Philosophicus
labor unions	Trade_union
tragedy	Tragedy
train	Train
trains	Train
transfer rna or trna	Transfer_RNA
transition metals	Transition_metal
trapezoid	Trapezoid
travesties	Travesties
treaty of brestlitovsk	Treaty_of_Brest-Litovsk
peace of the pyrenees	Treaty_of_the_Pyrenees
treaty of waitangi	Treaty_of_Waitangi
triathlon	Triathlon
trireme	Trireme
tritium	Tritium
tritone	Tritone
trojan horse	Trojan_Horse
trojan war	Trojan_War
hurricane	Tropical_cyclone
troubadours	Troubadour
trout quintet	Trout_Quintet
tunisia or tunisian republic	Tunisia
turbulence	Turbulence
turin	Turin
turing machines	Turing_machine
republic of turkmenistan	Turkmenistan
tutankhamen	Tutankhamun
twitter	Twitter
two dogmas of empiricism	Two_Dogmas_of_Empiricism
tyrannosaurus rex	Tyrannosaurus
ultraviolet catastrophe	Ultraviolet_catastrophe
ulysses simpson grant	Ulysses_S._Grant
underworlds	Underworld
george iii of the united kingdom	United Kingdom
united fruit company	United_Fruit_Company
united states of america	United_States
the united states of america	United_States
election of 1800	United_States_presidential_election,_1800
united states presidential election of 1876	United_States_presidential_election,_1876
election of 1876	United_States_presidential_election,_1876
election of 1948	United_States_presidential_election,_1948
university of kansas	University_of_Kansas
university of michigan	University_of_Michigan
untouchables	Untouchability
upton beall sinclair	Upton_Sinclair
vainamoinen	Väinämöinen
vancouver island	Vancouver
varuna	Varuna
state of vatican city	Vatican_City
the vedas	Vedas
vega	Vega
novgorod	Veliky_Novgorod
venice or venezia	Venice
veronica mars	Veronica_Mars
vesicles	Vesicle
vesta	Vesta
vestigial structures	Vestigiality
veto	Veto
vice president of the united states	Vice_President_of_the_United_States
victormarie hugo	Victor_Hugo
victoria falls	Victoria Falls
victoria woodhull	Victoria_Woodhull
vietnam war	Vietnam War
socialist republic of vietnam	Vietnnam
violence	Violence
violins	Violin
vergil	Virgil
virgil	Virgil
virgil thomson	Virgil_Thomson
commonwealth of virginia	Virginia
virial	Virial_theorem
virtual image	Virtual_image
virus	Virus
vistula river	Vistula
vitamins	Vitamin
vladimir ilich lenin	Vladimir_Lenin
vladimir vladimirovich putin	Vladimir_Putin
stalingrad	Volgograd
volstead act	Volstead_Act
volt	Volt
voltaire or francois marie arouet	Voltaire
voting rights act of 1965	Voting_Rights_Act_of_1965
vyacheslav mikhaylovich molotov	Vyacheslav_Molotov
w e b dubois	W._E._B._Du_Bois
wabash river	Wabash_River
waiting for lefty	Waiting_for_Lefty
walden two	Walden_Two
walle	Walle
walmart	Walmart
walmart stores inc	Walmart
the wandering jew	Wandering_Jew
wang mang	Wang_Mang
war of devolution	War_of_Devolution
war of jenkins ear	War_of_Jenkins'_Ear
war requiem	War_Requiem
warren earl burger	Warren_E._Burger
washington crossing the delaware	Washington_Crossing_the_Delaware
washington monument	Washington_Monument
washington square	Washington_Square_Park
washington wizards	Washington_Wizards
wat tyler	Wat_Tyler
watch on the rhine	Watch_on_the_Rhine
water or h2o	Water
water music	Water_Music
watership down	Watership_Down
watts riots	Watts_riots
websterashburton treaty	Webster–Ashburton_Treaty
weddings	Wedding
wernher von braun	Wernher_von_Braun
west virginia	West Virginia
west germany	West_Germany
west nile virus	West_Nile_fever
western australia	Western_Australia
wheat	Wheat
white house	White House
white fang	White_Fang
white lotus rebellion	White_Lotus_Rebellion
who’s afraid of virginia woolf	Who's_Afraid_of_Virginia_Woolf?
vienna or wien	Wien_(river)
william wilkie collins	Wilkie_Collins
william byrd	William_Byrd
william ernest henley	William_Ernest_Henley
william seward	William_H._Seward
william h seward	William_H._Seward
william o douglas	William_O._Douglas
william of ockham	William_of_Ockham
william pitt the elder	William_Pitt,_1st_Earl_of_Chatham
william tell or guillaume tell	William_Tell_(opera)
willie stark	Willie_Stark
wings	Wing
winged victory of samothrace	Winged_Victory_of_Samothrace
winnipeg	Winnipeg
winter	Winter
wolffkishner reduction	Wolff–Kishner_reduction
woodstock	Woodstock
wounded knee	Wounded_Knee
wrestling	Wrestling
wrigley field	Wrigley_Field
yankee doodle	Yankee_Doodle
yellow river	Yellow_River
yorktown	Yorktown
zapotecs	Zapotec
zeno	Zeno
zeppelins	Zeppelin
zoltan kodaly	Zoltán_Kodály
zorba the greek	Zorba_the_Greek
zoroaster or zarathustra	Zoroaster
zulu empire	Zulu_Kingdom