gi joe	G.I._Joe
g e moore	G._E._Moore
gilbert keith chesterton	G._K._Chesterton
g k chesterton	G._K._Chesterton
geico	GEICO
dove awards	GMA_Dove_Award
g proteins	G_protein
gabriel	Gabriel
gabriel garcía márquez	Gabriel_García_Márquez
gabriel jose garcia marquez	Gabriel_García_Márquez
gabriel garcía marquez	Gabriel_García_Márquez
gabriel josé garcía márquez	Gabriel_García_Márquez
gabriel garcia marquez	Gabriel_García_Márquez
gabriel josé de la concordia garcía márquez	Gabriel_García_Márquez
gabriel prosser	Gabriel_Prosser
gabriela clove and cinnamon	Gabriela,_Clove_and_Cinnamon
gabriela mistral	Gabriela_Mistral
gabriela sabatini	Gabriela_Sabatini
gadsden purchase	Gadsden_Purchase
gaetano donizetti	Gaetano_Donizetti
the gag rule or gag resolution	Gag_rule
gaia hypothesis	Gaia_hypothesis
gaia hypothesis or theory	Gaia_hypothesis
augustus caesar	Gaius Julius Caesar (Rome character)
gaius sempronius gracchus	Gaius_Gracchus
gaius marius	Gaius_Marius
sir galahad	Galahad
galatea	Galatea
galaxies	Galaxy
galaxy	Galaxy
galen	Galen
galileo galilei	Galileo_Galilei
galileo	Galileo_Galilei
gallbladder	Gallbladder
gall bladder	Gallbladder
gallic wars	Gallic_Wars
gallipoli	Gallipoli
gallipoli campaign	Gallipoli_Campaign
gallium	Gallium
galveston	Galveston,_Texas
galveston bay	Galveston_Bay
galapagos islands	Galápagos_Islands
galapagos	Galápagos_Islands
gamal abdal nasser	Gamal_Abdel_Nasser
lake nasser	Gamal_Abdel_Nasser
gamal abdel nasser or jamal abd alnaser or jamal abd annasser	Gamal_Abdel_Nasser
gamel abdel nasser hussein	Gamal_Abdel_Nasser
gamel abdul nasser	Gamal_Abdel_Nasser
gamal abdel nasser	Gamal_Abdel_Nasser
gamal abdel nasser or jamal abd alnasir	Gamal_Abdel_Nasser
gamal abdel nasser or jamal abd annaser	Gamal_Abdel_Nasser
gamaliel	Gamaliel
gambia river	Gambia_River
gaba	Gamma-Aminobutyric_acid
gamma ray bursts	Gamma-ray_burst
gamma function	Gamma_function
gamma rays	Gamma_ray
ganesh or ganesha	Ganesh_Chaturthi
ganesh or ganesha or ganapati or vighneshwara or pillaiyar	Ganesha
ganesha or ganapati or ganpati	Ganesha
lord ganesha	Ganesha
ganesha	Ganesha
ganesh	Ganesha
ganesh or ganesa or ganapati or ganpati	Ganesha
gang of four	Gang_of_Four
ganges river	Ganges
gangnam style	Gangnam_Style
ganymede	Ganymede
gao xingjian	Gao_Xingjian
garbage collection	Garbage collection (computer science)
garden of eden	Garden_of_Eden
garfield	Garfield
gargantua	Gargantua_and_Pantagruel
the life of gargantua and pantagruel	Gargantua_and_Pantagruel
the life of gargantua and of pantagruel	Gargantua_and_Pantagruel
gargantua and pantagruel or the life of gargantua and of pantagruel or la vie de gargantua et de pantagruel	Gargantua_and_Pantagruel
gargantua and pantagruel	Gargantua_and_Pantagruel
garuda	Garuda
gas chromatography	Gas_chromatography
ideal gas constant	Gas_constant
gas constant	Gas_constant
gaspee affair	Gaspee_Affair
toads	Gastrophryne
gastrulation	Gastrulation
the gates of hell	Gates_of_Hell_(disambiguation)
gateway arch	Gateway_Arch
gauchos	Gaucho
gaul	Gaul
gauls	Gauls
gauss law	Gauss'_law
gausss law	Gauss'_law
buddha	Gautama Buddha
buddha or siddhartha gautama	Gautama Buddha
the gotama buddha	Gautama_Buddha
siddhartha gautama buddha	Gautama_Buddha
the buddha or siddhartha gautama accept either underlined name	Gautama_Buddha
the sakyamuni buddha	Gautama_Buddha
the buddha or gautama siddhartha	Gautama_Buddha
the buddha	Gautama_Buddha
siddhartha	Gautama_Buddha
the buddha or siddhartha gautama	Gautama_Buddha
siddharta gautama	Gautama_Buddha
siddhartha gautama or the buddha	Gautama_Buddha
buddha or siddhartha gautama	Gautama_Buddha
buddha	Gautama_Buddha
the supreme buddha	Gautama_Buddha
siddhartha gautama	Gautama_Buddha
gavrilo princip	Gavrilo_Princip
gawain	Gawain
gaza strip	Gaza_Strip
gdansk	Gdańsk
geb	Geb
geirrod	Geirröd
geisha	Geisha
gel electrophoresis	Gel_electrophoresis
general motors	General_Motors
gm or general motors	General_Motors
general relativity	General_relativity
genetic algorithms	Genetic_algorithm
genetic drift	Genetic_drift
geneva	Geneva
genghis khan or jenghiz khan or chaangyus khan or temujin	Genghis_Khan
jingis khan	Genghis_Khan
genghis khan or temujin or chengchissuhan	Genghis_Khan
genghis khan or temujin	Genghis_Khan
genghis khan or chinggis khan or temujin	Genghis_Khan
temujin	Genghis_Khan
genghis khan or chingis khan	Genghis_Khan
genghis khan or chinggis or jenghiz or temujin	Genghis_Khan
genghis khan or chingiz khan or temujin	Genghis_Khan
genghis khan or chingis khan or temujin or temuchin	Genghis_Khan
genghis khan	Genghis_Khan
genitive case	Genitive_case
genoa	Genoa
genocide	Genocide
gentlemen prefer blondes	Gentlemen_Prefer_Blondes
geoffrey chaucer	Geoffrey_Chaucer
georg cantor	Georg_Cantor
georg simon ohm	Georg_Ohm
georg simmel	Georg_Simmel
g w f hegel	Georg_Wilhelm_Friedrich_Hegel
georg friedrich wilhelm hegel	Georg_Wilhelm_Friedrich_Hegel
georg wilhelm friedrich hegel	Georg_Wilhelm_Friedrich_Hegel
george friedrich wilhelm hegel	Georg_Wilhelm_Friedrich_Hegel
hegel	Georg_Wilhelm_Friedrich_Hegel
georg wilhelm frederic hegel	Georg_Wilhelm_Friedrich_Hegel
gw f hegel	Georg_Wilhelm_Friedrich_Hegel
georg wilhelm friederich hegel	Georg_Wilhelm_Friedrich_Hegel
georg hegel	Georg_Wilhelm_Friedrich_Hegel
george	George
bishop george berkeley	George Berkeley
george clinton	George Clinton
admiral george dewey	George Dewey
george herbert walker bush	George H. W. Bush
george herbert	George Herbert
george mason	George Mason
george w bush	George W. Bush
george wallace	George Wallace
george washington	George Washington
george armstrong custer	George_Armstrong_Custer
george custer	George_Armstrong_Custer
george b mcclellan	George_B._McClellan
george brinton mcclellan	George_B._McClellan
george balanchine	George_Balanchine
george wesley bellows	George_Bellows
george bellows	George_Bellows
jeremy bentham	George_Bentham
george berkeley	George_Berkeley
george berkeley bishop of cloyne	George_Berkeley
george bernard shaw	George_Bernard_Shaw
george boole	George_Boole
george caleb bingham	George_Caleb_Bingham
george chapman	George_Chapman
george clooney	George_Clooney
george costanza	George_Costanza
george crabbe	George_Crabbe
george dewey	George_Dewey
george eliot or mary ann evans	George_Eliot
george eliot	George_Eliot
george f kennan	George_F._Kennan
george frost kennan	George_F._Kennan
george fox	George_Fox
george friedrich handel	George_Frideric_Handel
georg frederic handel	George_Frideric_Handel
george friedric handel	George_Frideric_Handel
george friderich handel	George_Frideric_Handel
george frederick handel	George_Frideric_Handel
georg friedrich handel	George_Frideric_Handel
handel	George_Frideric_Handel
george frideric händel	George_Frideric_Handel
georg handel	George_Frideric_Handel
georg frideric handel	George_Frideric_Handel
georg friedrich händel	George_Frideric_Handel
george frederic handel	George_Frideric_Handel
george frideric handel	George_Frideric_Handel
george gershwin or jacob gershovitz	George_Gershwin
george gershwin or jacob gershvin	George_Gershwin
george gershwin	George_Gershwin
george gissing	George_Gissing
george hunt pendleton	George_H._Pendleton
george h w bush bush	George_H._W._Bush
george herbert mead	George_Herbert_Mead
george ii	George_II
george iii hanover	George_III_of_the_United_Kingdom
george iii	George_III_of_the_United_Kingdom
george iv	George_IV_of_the_United_Kingdom
george i	George_I_of_Great_Britain
george mifflin dallas	George_M._Dallas
george c marshall	George_Marshall
george catlett marshall	George_Marshall
george gordon meade	George_Meade
george meredith	George_Meredith
george orwell	George_Orwell
george orwell blair	George_Orwell
george orwell or eric arthur blair	George_Orwell
george pendleton	George_Pendleton
george pickett	George_Pickett
george edward pickett	George_Pickett
george smith patton jr	George_S._Patton
george s patton	George_S._Patton
georges santayana	George_Santayana
jorge agustin nicolas ruiz de santayana	George_Santayana
george santayana	George_Santayana
george steinbrenner	George_Steinbrenner
george tenet	George_Tenet
george c wallace	George_Wallace
george washingtons farewell address	George_Washington's_Farewell_Address
washingtons farewell address	George_Washington's_Farewell_Address
george washington cable	George_Washington_Cable
george washington carver	George_Washington_Carver
george zimmerman	George_Zimmerman
baron georgeseugene haussmann	Georges-Eugène_Haussmann
georges bizet	Georges_Bizet
georges braque	Georges_Braque
georges clemenceau	Georges_Clemenceau
georges danton	Georges_Danton
georges pompidou	Georges_Pompidou
georgespierre seurat	Georges_Seurat
georges seurat	Georges_Seurat
georgia totto okeeffe	Georgia_O'Keeffe
georgia okeeffe	Georgia_O'Keeffe
gerald rudolph ford	Gerald_Ford
geraldine ferraro	Geraldine_Ferraro
gerard peter kuiper	Gerard_Kuiper
gerard manley hopkins	Gerard_Manley_Hopkins
gerardus mercator	Gerardus_Mercator
gerhard schroeder	Gerhard_Schröder
gerhard schroder	Gerhard_Schröder
gerhart hauptmann	Gerhart_Hauptmann
germaine greer	Germaine_Greer
german	German language
german or deutsch	German_language
germanium	Germanium
germany	Germany
germinal	Germinal
geronimo	Geronimo
gerontion	Gerontion
gerrymandering	Gerrymandering
gertrude stein	Gertrude_Stein
gestalt	Gestalt
gestalt psychology	Gestalt_psychology
gettysburg address	Gettysburg_Address
getulio vargas	Getúlio_Vargas
getulio dornelles vargas	Getúlio_Vargas
geyser	Geyser
ghana	Ghana
republic of ghana	Ghana
ghana empire	Ghana_Empire
ghent altarpiece	Ghent_Altarpiece
the ghent altarpiece	Ghent_Altarpiece
ghosts	Ghost
a ghost	Ghost (Hamlet)
ghost dance	Ghost_Dance
ghostbusters	Ghostbusters
giacomo balla	Giacomo_Balla
giacomo meyerbeer	Giacomo_Meyerbeer
giacomo antonio domenico michele secondo maria puccini	Giacomo_Puccini
giacomo puccini	Giacomo_Puccini
giambattista vico	Giambattista_Vico
gian carlo menotti	Gian_Carlo_Menotti
gian lorenzo bernini or giovanni lorenzo bernini	Gian_Lorenzo_Bernini
gianlorenzo bernini	Gian_Lorenzo_Bernini
gian lorenzo bernini	Gian_Lorenzo_Bernini
giovanni lorenzo bernini	Gian_Lorenzo_Bernini
gian lorenzo bernini or gianlorenzo bernini	Gian_Lorenzo_Bernini
gianlorenzo bernini accept giovanni lorenzo bernini	Gian_Lorenzo_Bernini
giants causeway	Giant's_Causeway
gibberellins	Gibberellin
gibbons v ogden	Gibbons_v._Ogden
gibbs free energy	Gibbs_free_energy
gibbs energy	Gibbs_free_energy
gibbsduhem equation	Gibbs–Duhem_equation
gibraltar	Gibraltar
gideon	Gideon
gideon v wainwright	Gideon_v._Wainwright
giffen good	Giffen_good
gila river	Gila_River
gilbert ryle	Gilbert_Ryle
marquis de lafayette	Gilbert_du_Motier,_Marquis_de_Lafayette
the gilded age	Gilded_Age
giles goatboy	Giles_Goat-Boy
gilgamesh	Gilgamesh
gills	Gill
gimpel the fool	Gimpel_the_Fool
gioacchino rossini	Gioachino_Rossini
giaocchino rossini	Gioachino_Rossini
gioachino antonio rossini	Gioachino_Rossini
gioacchino antonio rossini	Gioachino_Rossini
gioachino rossini	Gioachino_Rossini
giordano bruno	Giordano_Bruno
giorgio vasari	Giorgio_Vasari
giorgio de chirico	Giorgio_de_Chirico
giorgione	Giorgione
giotto di bondone	Giotto
bellini	Giovanni Bellini
giovanni bellini	Giovanni_Bellini
giovanni boccaccio	Giovanni_Boccaccio
giovanni pierluigi da palestrina	Giovanni_Pierluigi_da_Palestrina
indoeuropean language family	Giovanni_Semerano
giraffes	Giraffe
girl with a pearl earring	Girl_with_a_Pearl_Earring
girolamo savonarola	Girolamo_Savonarola
giselle	Giselle
gitanjali	Gitanjali
giuseppe garibaldi	Giuseppe_Garibaldi
giuseppi garibaldi	Giuseppe_Garibaldi
guiseppe garibaldi	Giuseppe_Garibaldi
giuseppe mazzini	Giuseppe_Mazzini
giuseppe peano	Giuseppe_Peano
giuseppe verdi	Giuseppe_Verdi
giuseppe fortunino francesco verdi	Giuseppe_Verdi
glaciers	Glacier
glacier national park	Glacier_National_Park_(U.S.)
gladiators	Gladiator
glasgow	Glasgow
glass	Glass
glasssteagall act	Glass–Steagall_legislation
glaucoma	Glaucoma
glengarry glen ross	Glengarry_Glen_Ross
glenn theodore seaborg	Glenn_T._Seaborg
gps or global positioning system	Global_Positioning_System
globe theatre	Globe_Theatre
globular clusters	Globular_cluster
glomerulus	Glomerulus_(kidney)
glorious revolution	Glorious_Revolution
speaking in tongues	Glossolalia
glucagon	Glucagon
gluconeogenesis	Gluconeogenesis
glucose	Glucose
gluons	Gluon
glycine	Glycine
glycogen	Glycogen
glycolysis or embdenmeyerhof pathway	Glycolysis
glycolysis	Glycolysis
glycolysis or the embdenmeyerhoff pathway	Glycolysis
glycolysis or glycolytic pathway	Glycolysis
glycolysis or embdenmeyerhoff pathway	Glycolysis
glycolysis accept glycolicious	Glycolysis
gnosticism	Gnosticism
go down moses	Go_Down_Moses
goat	Goat
goats	Goat
gobi desert	Gobi_Desert
goblin market	Goblin_Market
god	God
god save the queen	God_Save_the_Queen
golan heights	Golan_Heights
gold	Gold
gold rushes	Gold_rush
golda meir	Golda_Meir
goldbach conjecture	Goldbach's_conjecture
goldberg variations	Goldberg_Variations
golden	Golden
golden bull of 1356	Golden_Bull_of_1356
golden fleece	Golden_Fleece
golden gate	Golden_Gate
golden gate bridge	Golden_Gate_Bridge
golden horde	Golden_Horde
golden apples	Golden_apple
golden bull	Golden_bull
golden calf	Golden_calf
golden ratio	Golden_ratio
goldman sachs	Goldman_Sachs
golf	Golf
apparatus	Golgi apparatus
golgi apparatusbodycomplexetc	Golgi_apparatus
golgi bodyapparatus	Golgi_apparatus
golgi apparatus	Golgi_apparatus
golgi apparatusbody	Golgi_apparatus
golgi complex or golgi apparatus	Golgi_apparatus
golgi body or apparatus	Golgi_apparatus
golgi apparatus or body	Golgi_apparatus
golgi apparatusbodywhatever	Golgi_apparatus
golgi body or golgi apparatus	Golgi_apparatus
golgi apparatus or golgi bodies or golgi sacs	Golgi_apparatus
golgi apparatus or golgi body or golgi complex	Golgi_apparatus
golgi bodies or golgi apparatus or golgi complex	Golgi_apparatus
golgi body or complex or apparatus	Golgi_apparatus
golgi body or golgi complex or golgi apparatus	Golgi_apparatus
golgi apparatuscomplexbody	Golgi_apparatus
golgi complex	Golgi_apparatus
golgi apparatusbodycomplex	Golgi_apparatus
golgi complex or apparatus	Golgi_apparatus
golgi apparatus or golgi body	Golgi_apparatus
golgi apparatus or complex or body	Golgi_apparatus
golgi bodies	Golgi_apparatus
golgi apparatus or golgi complex or golgi body	Golgi_apparatus
the golgi apparatus	Golgi_apparatus
golgi apparatusbodydictyosomecomplex	Golgi_apparatus
golgi body	Golgi_apparatus
golgi bodies or golgi apparatus	Golgi_apparatus
goliath	Goliath
goll mac morna	Goll_mac_Morna
gomer	Gomer
gone with the wind	Gone with the Wind
goodbye mr chips	Goodbye,_Mr._Chips
googlecom	Google
google incorporated	Google
google inc before ceo	Google
google inc	Google
google	Google
gordon brown	Gordon_Brown
gordon riots	Gordon_Riots
gore vidal	Gore_Vidal
gorgias	Gorgias
gorgons	Gorgon
gorillaz	Gorillaz
the gospel according to john	Gospel_of_John
gospel according to luke	Gospel_of_Luke
the gospel according to luke	Gospel_of_Luke
got milk	Got_Milk?
gotham city	Gotham_City
gothic architecture	Gothic_architecture
goto	Goto
gottfried leibniz	Gottfried_Wilhelm_Leibniz
gottfried wilhelm von leibniz	Gottfried_Wilhelm_Leibniz
gottfried wilhelm baron von leibniz	Gottfried_Wilhelm_Leibniz
gottfried wilhelm leibniz	Gottfried_Wilhelm_Leibniz
leibnitz baron gottfried wihelm von	Gottfried_Wilhelm_Leibniz
gotthold lessing	Gotthold_Ephraim_Lessing
gotthold ephraim lessing	Gotthold_Ephraim_Lessing
gottlob frege	Gottlob_Frege
friedrich ludwig gottlob frege	Gottlob_Frege
gout	Gout
gradient	Gradient
phyletic gradualism	Gradualism
graffiti	Graffiti
henry graham greene	Graham_Greene
graham greene	Graham_Greene
gram	Gram
gramnegative bacteria	Gram-negative_bacteria
gram stain	Gram_staining
aspect	Grammatical aspect
verbal aspect or grammatical aspect or linguistic aspect	Grammatical_aspect
aspect	Grammatical_aspect
grammatical aspect	Grammatical_aspect
grammatical mood	Grammatical_mood
gran chaco	Gran_Chaco
granada	Granada
grand canyon suite	Grand_Canyon_Suite
grand slam	Grand_Slam_(tennis)
grand unified theory	Grand_Unified_Theory
anna mary robertson grandma moses	Grandma Moses
anna mary robinson grandma moses	Grandma Moses
granite	Granite
grant wood	Grant_Wood
grant devolson wood	Grant_Wood
graphene	Graphene
graphite	Graphite
the grateful dead	Grateful_Dead
universal gravitational constant	Gravitational_constant
gravitational lensing	Gravitational_lens
gravitational redshift	Gravitational_redshift
gravitational waves	Gravitational_wave
graviton	Graviton
gravity	Gravity
gravity or gravitation	Gravity
gravity or gravitational force	Gravity
gravity’s rainbow	Gravity's_Rainbow
gravitys rainbow	Gravity's_Rainbow
grays anatomy	Gray's_Anatomy
wolf or wolves	Gray_wolf
wolf	Gray_wolf
1666 great fire of london	Great Fire of London
great attractor	Great_Attractor
great awakenings	Great_Awakening
great awakening	Great_Awakening
great barrier reef	Great_Barrier_Reef
great chicago fire of 1871	Great_Chicago_Fire
great chicago fire	Great_Chicago_Fire
great expectations	Great_Expectations
irish potato famine	Great_Famine_(Ireland)
1666 great fire of london	Great_Fire_of_London
great fire of rome	Great_Fire_of_Rome
great leap forward	Great_Leap_Forward
boston molasses disaster	Great_Molasses_Flood
great red spot	Great_Red_Spot
great rift valley	Great_Rift_Valley
great slave lake	Great_Slave_Lake
great sphinx of giza	Great_Sphinx_of_Giza
great vowel shift	Great_Vowel_Shift
great zimbabwe	Great_Zimbabwe
greatest common divisor	Greatest_common_divisor
greece or hellenic republic	Greece
greece	Greece
green bay packers	Green_Bay_Packers
green eggs and ham	Green_Eggs_and_Ham
green mountain boys	Green_Mountain_Boys
green fluorescent protein	Green_fluorescent_protein
greenback party	Greenback_Party
greenhouse effect	Greenhouse_effect
greenland or kalaallit nunaat	Greenland
greenland	Greenland
greenpeace	Greenpeace
greensleeves	Greensleeves
gregor johann mendel	Gregor_Mendel
gregor mendel	Gregor_Mendel
gregory	Gregory
gregory bateson	Gregory_Bateson
grenada	Grenada
grendel	Grendel
greshams law	Gresham's_law
gretchen at the spinning wheel or gretchen am spinnrade d 118	Gretchen_am_Spinnrade
greys anatomy	Grey's_Anatomy
grignard reagent	Grignard_reaction
grignard reagents	Grignard_reaction
grigory yefimovich rasputin	Grigori_Rasputin
grigory rasputin	Grigori_Rasputin
grimms law	Grimm's_law
stories by the brothers grimm	Grimms'_Fairy_Tales
griswold v connecticut	Griswold_v._Connecticut
gross domestic product	Gross_domestic_product
groundhog day	Groundhog_Day
groupthink	Groupthink
stephen grover cleveland	Grover_Cleveland
grover cleveland	Grover_Cleveland
growth factors	Growth_factor
human growth hormone	Growth_hormone
guadalajara	Guadalajara
guadalcanal	Guadalcanal
battle of guadalcanal	Guadalcanal Campaign
territory of guam	Guam
guam	Guam
guanine	Guanine
guard cells	Guard_cell
republic of guatemala	Guatemala
guatemala	Guatemala
guernica	Guernica_(Picasso)
guglielmo marconi	Guglielmo_Marconi
guillaume apollinaire	Guillaume_Apollinaire
guillotine	Guillotine
republic of guinea	Guinea
guitar	Guitar
gulf stream	Gulf_Stream
the gulf stream	Gulf_Stream
persian gulf war	Gulf_War
first persian gulf war	Gulf_War_(disambiguation)
gulf of california	Gulf_of_California
gulf of mexico	Gulf_of_Mexico
gulf of riga	Gulf_of_Riga
gulf of tonkin	Gulf_of_Tonkin
gulf of tonkin resolution	Gulf_of_Tonkin_Resolution
gulf of tonkin incident	Gulf_of_Tonkin_incident
gullivers travels	Gulliver's_Travels
gulliver’s travels	Gulliver's_Travels
gunga din	Gunga_Din
gunnar myrdal	Gunnar_Myrdal
gunpowder plot	Gunpowder_Plot
the gunpowder plot	Gunpowder_Plot
gupta dynasty	Gupta_Empire
gupta empire	Gupta_Empire
adi granth	Guru_Granth_Sahib
guru nanak dev	Guru_Nanak
guru nanak	Guru_Nanak
guru nanak dev ji	Guru_Nanak
gustav theodor fechner	Gustav_Fechner
gustav theodore holst	Gustav_Holst
gustav holst	Gustav_Holst
gustavus theodore von holst	Gustav_Holst
gustav von holst	Gustav_Holst
gustav robert kirchhoff	Gustav_Kirchhoff
gustav kirchhoff	Gustav_Kirchhoff
gustav klimt	Gustav_Klimt
gustav mahler	Gustav_Mahler
gustave caillebotte	Gustave_Caillebotte
jean desire gustave courbet	Gustave_Courbet
gustav courbet	Gustave_Courbet
jean désiré gustave courbet	Gustave_Courbet
gustave courbet	Gustave_Courbet
gustave eiffel	Gustave_Eiffel
gustave flaubert	Gustave_Flaubert
gustavus ii adolphus	Gustavus_Adolphus_of_Sweden
gustavus adolphus	Gustavus_Adolphus_of_Sweden
gustavus adolphus or gustav ii adolph	Gustavus_Adolphus_of_Sweden
gutzon borglum	Gutzon_Borglum
guy fawkes	Guy Fawkes
guy montag	Guy_Montag
henryrenealbert guy de maupassant	Guy_de_Maupassant
henri renalbert guy de maupassant	Guy_de_Maupassant
henri rene albert guy de maupassant	Guy_de_Maupassant
henri rené albert guy de maupassant	Guy_de_Maupassant
maupassant	Guy_de_Maupassant
henrirenéalbertguy de maupassant	Guy_de_Maupassant
henry rené albert guy de maupassant	Guy_de_Maupassant
guy de maupassant	Guy_de_Maupassant
henry rene albert guy de maupassant	Guy_de_Maupassant
guy du maupassant	Guy_de_Maupassant
cooperative republic of guyana	Guyana
guyana	Guyana
gwendolyn brooks	Gwendolyn_Brooks
gymnosperms	Gymnosperm
gypsum	Gypsum
gyroscope	Gyroscope
gyorgy ligeti	György_Ligeti
gunther wilhelm grass	Günter_Grass
gunter wilhelm grass	Günter_Grass
günter wilhelm grass	Günter_Grass
gunter grass	Günter_Grass
günter grass	Günter_Grass
