mash	M*A*S*H
m c escher	M._C._Escher
maastricht treaty	Maastricht_Treaty
maat	Maat
the mabinogion	Mabinogion
mackinlay kantor	MacKinlay_Kantor
macao	Macau
the tragedy of macbeth	Macbeth
macbeth	Macbeth
maccabees	Maccabees
books of maccabees	Maccabees
macedon	Macedonia_(ancient_kingdom)
macedonian wars	Macedonian_Wars
mach number	Mach_number
joaquim maria machado de assis	Machado_de_Assis
machu picchu	Machu_Picchu
mackenzie river	Mackenzie_River
macrophages	Macrophage
macular degeneration	Macular_degeneration
democratic republic of madagascar	Madagascar
madagascar	Madagascar
republic of madagascar	Madagascar
madama butterfly	Madama_Butterfly
madama butterfly or madame butterfly	Madama_Butterfly
madame butterfly or madama butterfly	Madama_Butterfly
madame butterfly	Madama_Butterfly
madame bovary moeurs de province	Madame_Bovary
madame bovary or emma	Madame_Bovary
madame emma bovary	Madame_Bovary
madame bovary	Madame_Bovary
emma bovary	Madame_Bovary
madame bovary or emma bovary	Madame_Bovary
emma bovary or madame bovary	Madame_Bovary
charles bovary	Madame_Bovary
madness and civilization	Madness_and_Civilization
madonna	Madonna
madonnas	Madonna_(art)
madonna of the harpies	Madonna_of_the_Harpies
madonna with the long neck	Madonna_with_the_Long_Neck
madrid	Madrid
mafia	Mafia
magellanic clouds	Magellanic_Clouds
maggie	Maggie
maggie a girl of the streets	Maggie:_A_Girl_of_the_Streets
magical realism	Magic_realism
magic realism	Magic_realism
magic square	Magic_square
magic squares	Magic_square
maginot line	Maginot_Line
magma	Magma
magna carta	Magna_Carta
magna carta or great charter	Magna_Carta
magna carta libertatum	Magna_Carta
the magna carta	Magna_Carta
magnesium	Magnesium
magnesium or mg	Magnesium
magnetic domains	Magnetic_domain
ferromagnetism	Magnetic_domain
magnetic field	Magnetic_field
magnetic field or magnetic flux density	Magnetic_field
magnetic field force	Magnetic_field
magnetic fields	Magnetic_field
the magnetic fields	Magnetic_field
magnetic flux	Magnetic_flux
magnetic moment	Magnetic_moment
magnetic monopole	Magnetic_monopole
magnetic north pole	Magnetic_monopole
magnetic monopoles	Magnetic_monopole
magnetic vector potential	Magnetic_potential
mri or magnetic resonance imaging	Magnetic_resonance_imaging
magnetism	Magnetism
magnificat	Magnificat
magnitude	Magnitude
magnolia	Magnolia
mahabharata	Mahabharata
mohandas karamchand gandhi or mahatma gandhi	Mahatma_Gandhi
mohandas gandhi	Mahatma_Gandhi
mohandas karamchand mahatma gandhi	Mahatma_Gandhi
mohandas k gandhi or mahatma gandhi	Mahatma_Gandhi
rajiv gandhi	Mahatma_Gandhi
mohandas karamchand “mahatma” gandhi	Mahatma_Gandhi
mohandas k mahatma gandhi	Mahatma_Gandhi
“mahatma” mohandas karamchand gandhi	Mahatma_Gandhi
mohandas gandhi or mahatma gandhi	Mahatma_Gandhi
gandhi	Mahatma_Gandhi
mohandas k gandhi	Mahatma_Gandhi
mohandas karamchand gandhi	Mahatma_Gandhi
mahatma gandhi	Mahatma_Gandhi
mahatma gandhi gandhi	Mahatma_Gandhi
mahavira	Mahavira
mahayana buddhism	Mahayana
mahdi	Mahdi
the mahdi	Mahdi
mahjongg or mah que or ma cheuk or ma jan	Mahjong
mahmoud ahmadinejad	Mahmoud_Ahmadinejad
mahmoud darwish	Mahmoud_Darwish
moses maimonides	Maimonides
maine	Maine
corn	Maize
corn or maize	Maize
major barbara undershaft	Major_Barbara
malachi	Malachi
mrs malaprop	Malapropism
malaria	Malaria
malawi	Malawi
republic of malawi	Malawi
malay peninsula	Malay_Peninsula
malaysia	Malaysia
malcolm gladwell	Malcolm_Gladwell
malcolm lowry	Malcolm_Lowry
malcolm x	Malcolm_X
maldives	Maldives
republic of mali	Mali
mali	Mali
mali empire	Mali_Empire
malian empire	Mali_Empire
republic of malta	Malta
malta	Malta
malvolio	Malvolio
mamluks or mamelukes	Mamluk
mamluks	Mamluk
mamma mia	Mamma_Mia
mammoth	Mammoth
mammoth cave national park	Mammoth_Cave_National_Park
man and superman	Man_and_Superman
the man in the iron mask	Man_in_the_Iron_Mask
the man in the iron mask or lhomme au masque de fer	Man_in_the_Iron_Mask
manannan mac lir	Manannán_mac_Lir
manchester	Manchester
manchukuo	Manchukuo
manchuria	Manchuria
mandala	Mandala
mandarin	Mandarin_Chinese
mandelbrot set	Mandelbrot_set
manganese	Manganese
manhattan	Manhattan
manhattan project	Manhattan_Project
manichaeism	Manichaeism
manifest destiny	Manifest_destiny
manila	Manila
manitoba	Manitoba
manmohan singh	Manmohan_Singh
mannerism	Mannerism
manon lescaut	Manon_Lescaut
mansfield park	Mansfield_Park
mantle	Mantle_(geology)
mantle plumes	Mantle_plume
manuel puig	Manuel_Puig
manuel de falla	Manuel_de_Falla
mao zedong tsetung	Mao_Zedong
mao zedong	Mao_Zedong
mao zedong or mao tsetung	Mao_Zedong
chairman mao zedong	Mao_Zedong
máo zédōng	Mao_Zedong
mao tsetung	Mao_Zedong
mao tsetung or zedong	Mao_Zedong
marble	Marble
marburg colloquy	Marburg_Colloquy
marbury v madison	Marbury_v._Madison
selfportraits of marc chagall	Marc_Chagall
mark chagall	Marc_Chagall
marc chagall or moishe segal or mark zakharovich shagalov	Marc_Chagall
marc chagall or mark shagall	Marc_Chagall
marc zaharovich chagall	Marc_Chagall
marc chagall	Marc_Chagall
marc zakharovich chagall	Marc_Chagall
marcel duchamp	Marcel_Duchamp
readymades of marcel duchamp	Marcel_Duchamp
marcel mauss	Marcel_Mauss
marcel proust	Marcel_Proust
valentin louis georges eugene marcel proust	Marcel_Proust
valentin louis georges eugène marcel proust	Marcel_Proust
marcello malpighi	Marcello_Malpighi
marches	March_(territorial_entity)
march on washington for jobs and freedom	March_on_Washington_for_Jobs_and_Freedom
marche slave or slavonic march	Marche_slave
marco rubio	Marco_Rubio
marcus aemilius lepidus	Marcus_Aemilius_Lepidus
marcus aurelius antoninus augustus	Marcus_Aurelius
caesar marcus aurelius antoninus augustus	Marcus_Aurelius
marcus aurelius	Marcus_Aurelius
marcus cocceius nerva	Marcus_Cocceius_Nerva
marcus furius camillus	Marcus_Furius_Camillus
marcus garvey	Marcus_Garvey
marcus junius brutus	Marcus_Junius_Brutus_the_Younger
marcus licinius crassus	Marcus_Licinius_Crassus
trajan or marcus ulpius nerva traianus	Marcus_Ulpius_Traianus_(senior)
marduk	Marduk
bel marduk	Marduk
the mares of diomedes	Mares_of_Diomedes
marfan syndrome	Marfan_syndrome
margaret atwood	Margaret_Atwood
margaret eleanor atwood	Margaret_Atwood
margaret bourkewhite	Margaret_Bourke-White
margaret fuller	Margaret_Fuller
margaret mead	Margaret_Mead
margaret sanger	Margaret_Sanger
the right honourable margaret thatcher baroness thatcher	Margaret_Thatcher
margaret “maggie” thatcher	Margaret_Thatcher
margaret hilda thatcher baroness thatcher	Margaret_Thatcher
margaret thatcher baroness of kesteven	Margaret_Thatcher
margaret thatcher	Margaret_Thatcher
lady margaret thatcher	Margaret_Thatcher
margaret hilda thatcher	Margaret_Thatcher
marginal utility	Marginal_utility
marguerite duras	Marguerite_Duras
maria callas	Maria_Callas
maria montessori	Maria_Montessori
maria theresa of austria	Maria_Theresa
maria theresa	Maria_Theresa
mariachi	Mariachi
mariah carey or mariah carey mottola	Mariah_Carey
marianne moore	Marianne_Moore
mariano azuela	Mariano_Azuela
marie antoinette	Marie_Antoinette
marie curie	Marie_Curie
marie de medici	Marie_de'_Medici
mario lemieux	Mario_Lemieux
jorge mario pedro vargas llosa	Mario_Vargas_Llosa
mario vargas llosa	Mario_Vargas_Llosa
marc antony	Mark_Antony
mark antony	Mark_Antony
mark rothko	Mark_Rothko
mark twain or samuel clemens	Mark_Twain
mark twain or samuel langhorne clemens	Mark_Twain
saint mark the evangelist	Mark_the_Evangelist
markov chain	Markov_chain
virgil or publius vergilius maro	Maro
maroon 5	Maroon_5
marrakech or marrakesh	Marrakesh
marriage	Marriage
marshall mcluhan	Marshall_McLuhan
marshall plan or european recovery program	Marshall_Plan
marshall sahlins	Marshall_Sahlins
marsupials	Marsupial
marsupials or marsupialia	Marsupial_mole
marthas vineyard	Martha's_Vineyard
martha graham	Martha_Graham
martin luther	Martin Luther
martin brodeur	Martin_Brodeur
martin buber	Martin_Buber
martin chuzzlewit	Martin_Chuzzlewit
sir martin frobisher	Martin_Frobisher
martin heidegger	Martin_Heidegger
heidegger	Martin_Heidegger
martin luther king jr	Martin_Luther_King_Jr.
dr martin luther king jr	Martin_Luther_King_Jr.
martin scorsese	Martin_Scorsese
martin van buren	Martin_Van_Buren
martinique	Martinique
marx brothers	Marx_Brothers
mary	Mary
boleyn	Mary Boleyn
mary baker eddy	Mary_Baker_Eddy
mary cassatt	Mary_Cassatt
mary i of england	Mary_I_of_England
mary magdalene	Mary_Magdalene
mary poppins	Mary_Poppins
mary wollstonecraft shelley	Mary_Shelley
mary shelley	Mary_Shelley
mary wollstonecraft	Mary_Wollstonecraft
masaccio	Masaccio
masada	Masada
maser or microwave amplification by stimulated emission of radiation	Maser
maslows hierarchy of human needs	Maslow's_hierarchy_of_needs
maslows hierarchy of needs	Maslow's_hierarchy_of_needs
maslow’s hierarchy of needs	Maslow's_hierarchy_of_needs
hierarchy of needs or hierarchy of motives	Maslow's_hierarchy_of_needs
the hierarchy of needs or ladder of needs or equivalents	Maslow's_hierarchy_of_needs
hierarchy of needs	Maslow's_hierarchy_of_needs
parson mason weems	Mason_Locke_Weems
masondixon line	Mason–Dixon_line
mass	Mass
mass or missa	Mass_(music)
mass spectrometry	Mass_spectrometry
massachusetts	Massachusetts
mast cells	Mast_cell
mata hari	Mata_Hari
matchbox twenty	Matchbox_Twenty
mateo falcone	Mateo_Falcone
materialism	Materialism
mathematical proofs	Mathematical_proof
mathew brady	Mathew_Brady
mathis der maler	Mathis_der_Maler_(opera)
matrices	Matrix_(mathematics)
matrix or matrices	Matrix_(mathematics)
matrix multiplication	Matrix_multiplication
basho matsuo	Matsuo_Bashō
matsuo basho	Matsuo_Bashō
matthew arnold	Matthew_Arnold
mathew arnold	Matthew_Arnold
matthew “marnold” arnold	Matthew_Arnold
matthew marnold arnold	Matthew_Arnold
mau mau uprising	Mau_Mau_Uprising
mau mau rebellion	Mau_Mau_Uprising
maui	Maui
mauna kea	Mauna_Kea
maunder minimum	Maunder_Minimum
maurice	Maurice_(novel)
maurice maeterlinck	Maurice_Maeterlinck
maurice merleauponty	Maurice_Merleau-Ponty
josephmaurice ravel	Maurice_Ravel
maurice ravel	Maurice_Ravel
joseph maurice ravel	Maurice_Ravel
maurice sendak	Maurice_Sendak
mauritania	Mauritania
mauritius	Mauritius
mauryan dynasty	Maurya_Empire
mauryan dynasty empire	Maurya_Empire
maurya empire	Maurya_Empire
mauryan dynasty or mauryan empire	Maurya_Empire
mauryan empire or dynasty	Maurya_Empire
the mauryan empire	Maurya_Empire
mauryan empire	Maurya_Empire
maurya	Maurya_Empire
mauryan empiredynasty	Maurya_Empire
max horkheimer	Max_Horkheimer
max planck	Max_Planck
maximilian carl emil weber	Max_Weber
max weber	Max_Weber
max wertheimer	Max_Wertheimer
maxim gorky	Maxim_Gorky
maximilian i of mexico	Maximilian_I_of_Mexico
maximilien francois marie isidore de robespierre	Maximilien_Robespierre
maximilien robespierre	Maximilien_Robespierre
maximilien françois marie isidore de robespierre	Maximilien_Robespierre
maxwells demon	Maxwell's_demon
maxwells equations	Maxwell's_equations
maxwell anderson	Maxwell_Anderson
maya angelou johnson	Maya_Angelou
maya angelou	Maya_Angelou
maya angelou or marguerite johnson	Maya_Angelou
maya lin	Maya_Lin
the mayans	Maya_civilization
maya or mayan civilization	Maya_civilization
maya	Maya_civilization
mayan	Maya_civilization
mayans	Maya_civilization
mayan civilization	Maya_civilization
mayan mythology	Maya_mythology
mayflower	Mayflower
mayflower compact	Mayflower_Compact
mayor of chicago	Mayor_of_Chicago
mayor of new york city	Mayor_of_New_York_City
mazurkas by frédéric françois chopin	Mazurkas_(Chopin)
mcculloch v maryland	McCulloch_v._Maryland
mcdonalds	McDonald's
mcdonalds corporation	McDonald's
mcteague	McTeague
kvasirs remains or mead of poetry	Mead_of_poetry
mean	Mean
mean girls	Mean_Girls
mean free path	Mean_free_path
mean value theorem	Mean_value_theorem
measure for measure	Measure_for_Measure
mecca	Mecca
mechanical advantage	Mechanical_advantage
mechanical equilibrium	Mechanical_equilibrium
median	Median
medicare	Medicare
medina	Medina
meditation	Meditation
meditations on first philosophy	Meditations_on_First_Philosophy
mediterranean sea	Mediterranean_Sea
medulla oblongata	Medulla_oblongata
medusa	Medusa
meech lake accord	Meech_Lake_Accord
megiddo	Megiddo
answer meiji restoration	Meiji_Restoration
the meiji restoration or meiji period	Meiji_Restoration
meiji restoration or meiji period	Meiji_Restoration
meiji restoration or meiji period or meiji renewal or	Meiji_Restoration
meiji ishin or meiji restoration	Meiji_Restoration
meiji restoration	Meiji_Restoration
meiji restorationperiod	Meiji_Restoration
meiji restoration or period	Meiji_Restoration
meiji	Meiji_period
mein kampf	Mein_Kampf
meiosis or miosis	Meiosis
meiosis	Meiosis
meissner effect	Meissner_effect
mekong	Mekong
mekong river	Mekong
mel martinez	Mel_Martínez
melampus	Melampus
melanesia	Melanesia
melanin	Melanin
melatonin	Melatonin
melbourne	Melbourne
meleager	Meleager
melmoth the wanderer	Melmoth_the_Wanderer
memory	Memory
memphis	Memphis,_Tennessee
menachem begin	Menachem_Begin
menander	Menander
mencius	Mencius
menelik ii	Menelik_II
menes	Menes
meningitis	Meningitis
mennonites	Mennonite
meno	Meno
bolsheviks mensheviks	Mensheviks
mensheviks	Mensheviks
mercantilism	Mercantilism
mercosur or mercosul or southern cone common market	Mercosur
mercury or hg	Mercury_(element)
hermes or mercury	Mercury_(mythology)
mercutio	Mercutio
apical meristem	Meristem
meriwether lewis	Meriwether_Lewis
merlin	Merlin
merovingian dynasty	Merovingian_dynasty
merovingians	Merovingian_dynasty
merrick garland	Merrick_Garland
mersenne primes	Mersenne_prime
meryl streep	Meryl_Streep
meselsonstahl experiment	Meselson–Stahl_experiment
meson	Meson
mesozoic era	Mesozoic
mrna or messenger rna	Messenger_RNA
the messiah	Messiah
messiah	Messiah
messier catalog	Messier_object
metals	Metal
metallocenes	Metallocene
metamorphic rocks	Metamorphic_rock
metamorphic rock	Metamorphic_rock
metamorphism	Metamorphism
metamorphoses	Metamorphoses
metaphase	Metaphase
metaphor	Metaphor
metaphysical poets	Metaphysical_poets
metaphysics	Metaphysics
meteorites	Meteorite
methane	Methane
methane or ch4	Methane
methionine	Methionine
methodism	Methodism
methyl group	Methyl group
methyl	Methyl_group
meter	Metre
metropolis	Metropolis
meursault	Meursault
mewtwo	Mewtwo
mexico	Mexico
mexico or united mexican states	Mexico
mexico city	Mexico City
mexico city or ciudad de mexico	Mexico_City
miami florida	Miami
miami heat	Miami_Heat
mica	Mica
micas	Mica
micah	Micah
micelles	Micelle
michael	Michael
michael bloomberg	Michael_Bloomberg
michael chabon	Michael_Chabon
michael chertoff	Michael_Chertoff
michael collins	Michael_Collins
michael faraday	Michael_Faraday
michael romanov	Michael_I_of_Russia
michael kohlhaas	Michael_Kohlhaas
michael ondaatje	Michael_Ondaatje
michael steele	Michael_Steele
michaelismenten equation	Michaelis–Menten_kinetics
michele foucault	Michel_Foucault
michael foucault	Michel_Foucault
michel foucault	Michel_Foucault
michel de montaigne	Michel_de_Montaigne
michel eyquem de montaigne	Michel_de_Montaigne
michelangelo buenarroti	Michelangelo
michaelangelo buonarroti	Michelangelo
michelangelo di lodovico buonarotti simoni	Michelangelo
michelangelo buonarroti	Michelangelo
michelangelo di lodovico buonarroti simoni	Michelangelo
michelangelo di ludovico buonarroti simoni	Michelangelo
michelangelo buonarotti	Michelangelo
michele bachmann	Michele_Bachmann
michelle obama	Michelle_Obama
interferometers	Michelson_interferometer
michelsonmorley experiment	Michelson–Morley_experiment
michelson­morley experiment	Michelson–Morley_experiment
michelson-morley experiment	Michelson–Morley_experiment
the michelsonmorley experiment	Michelson–Morley_experiment
michigan	Michigan
mickey mantle	Mickey_Mantle
mickey mouse	Mickey_Mouse
microscopes	Microscope
microsoft	Microsoft
microtubules	Microtubule
microwaves	Microwave
midatlantic ridge	Mid-Atlantic_Ridge
king midas	Midas
midas	Midas
dorothea brooke	Middlemarch
middlemarch	Middlemarch
middlemarch a study of provincial life	Middlemarch
middletown	Middletown_studies
midnights children	Midnight's_Children
midnight cowboy	Midnight_Cowboy
migration	Migration
father miguel hidalgo y costilla	Miguel_Hidalgo_y_Costilla
miguel hidalgo y costilla	Miguel_Hidalgo_y_Costilla
miguel hidalgo	Miguel_Hidalgo_y_Costilla
miguel de cervantes saavedra	Miguel_de_Cervantes
miguel de cervantes	Miguel_de_Cervantes
miguel de unamuno y jugo	Miguel_de_Unamuno
miguel de unamuno	Miguel_de_Unamuno
miguel angel asturias	Miguel_Ángel_Asturias
miguel asturias	Miguel_Ángel_Asturias
mike huckabee	Mike_Huckabee
mike keenan	Mike_Keenan
mike krzyzewski	Mike_Krzyzewski
mike tyson	Mike_Tyson
mikhail baryshnikov	Mikhail_Baryshnikov
mikhail afanasyevich bulgakov	Mikhail_Bulgakov
mikhail bulgakov	Mikhail_Bulgakov
mikhail afanasievich bulgakov	Mikhail_Bulgakov
mikhail afanasevich bulgakov	Mikhail_Bulgakov
mikhail glinka	Mikhail_Glinka
mikhail ivanovich glinka	Mikhail_Glinka
mikhail sergeyevich gorbachev	Mikhail_Gorbachev
mikhail gorbachev	Mikhail_Gorbachev
mikhail lermontov	Mikhail_Lermontov
milano	Milan
milan	Milan
milan kundera	Milan_Kundera
miles davis	Miles_Davis
miles dewey davis iii	Miles_Davis
stanley milgrams obedience to authority experiment	Milgram_experiment
milgram experiment	Milgram_experiment
stanley milgram obedience experiment	Milgram_experiment
the milgram experiment	Milgram_experiment
milgram obedience experiment	Milgram_experiment
milk	Milk
the milky way galaxy	Milky_Way
milky way	Milky_Way
the milky way	Milky_Way
milky way galaxy	Milky_Way
millard fillmore	Millard_Fillmore
millerurey experiment	Miller–Urey_experiment
milo minderbinder	Milo_Minderbinder
miltiades the younger	Miltiades
miltiades	Miltiades
apollo milton obote	Milton Obote
apolo milton obote	Milton Obote
milton friedman	Milton_Friedman
milwaukee wisconsin	Milwaukee
milwaukee	Milwaukee
milwaukee brewers	Milwaukee_Brewers
milwaukee bucks	Milwaukee_Bucks
mily balakirev	Mily_Balakirev
mimicry	Mimicry
mindanao	Mindanao
minecraft	Minecraft
ming dynasty	Ming_dynasty
ming	Ming_dynasty
minimalism	Minimalism
minimum wage	Minimum_wage
miniver cheevy	Miniver_Cheevy
minneapolis	Minneapolis
minneapolis minnesota	Minneapolis
minnesota	Minnesota
minnesota twins	Minnesota_Twins
minnesota vikings	Minnesota_Vikings
minoan civilization	Minoan_civilization
asteroids or planetoids or minor planets	Minor planet
king minos	Minos
the minotaur	Minotaur
minotaur	Minotaur
minute waltz accept waltz in d flat major before d flat major is said prompt after that	Minute_Waltz
minute waltz or waltz in dflat major op 64 no 1	Minute_Waltz
miranda v arizona	Miranda_v._Arizona
miriam	Miriam
mirrors	Mirror
mirror	Mirror
mishnah	Mishnah
mishna	Mishnah
miss america pageant	Miss_America
miss havisham	Miss_Havisham
miss julie	Miss_Julie
miss lonelyhearts	Miss_Lonelyhearts
the pope marcellus mass or missa papae marcelli	Missa_Papae_Marcelli
pope marcellus mass or missa papae marcelli	Missa_Papae_Marcelli
missa solemnis or mass for soloists chorus and orchestra in d major	Missa_solemnis_(Beethoven)
mississippi river	Mississippi
mississippi	Mississippi
mississippi bubble	Mississippi_Company
missouri compromise	Missouri_Compromise
mr mxyzptlk	Mister_Mxyzptlk
mistletoe	Mistletoe
mistral	Mistral
mitch mcconnell	Mitch_McConnell
mithra or mithras	Mithraism
mithras	Mithraism
mitochondrion or mitochondria	Mitochondrion
mitochondria or mitochondrion	Mitochondrion
mitochondria	Mitochondrion
mitochondrion	Mitochondrion
mitosis	Mitosis
mitsubishi a6m zero	Mitsubishi_A6M_Zero
mitt romney	Mitt_Romney
mitzvahs or mitsvahs	Mitzvah
mitzvah or mitzvot	Mitzvah
mjollnir	Mjölnir
mobutu sese seko	Mobutu_Sese_Seko
moby dick or the whale	Moby-Dick
moby dick	Moby-Dick
mobydick	Moby-Dick
montezuma ii or moctezuma ii	Moctezuma_II
modern family	Modern_Family
modest petrovich mussorgsky	Modest_Mussorgsky
modest petrovich musorgsky	Modest_Mussorgsky
modest mussorgsky	Modest_Mussorgsky
modest moussorgsky	Modest_Mussorgsky
mohamed morsi	Mohamed_Morsi
mohenjodaro	Mohenjo-daro
mohorovicic discontinuity	Mohorovičić_discontinuity
mohs hardness scale	Mohs_scale_of_mineral_hardness
mojave desert	Mojave_Desert
republic of moldova	Moldova
moldova	Moldova
molecular orbitals	Molecular_orbital
molecular orbital theory	Molecular_orbital_theory
molière	Molière
moliere or jeanbaptiste poquelin	Molière
moliere	Molière
moll flanders	Moll_Flanders
mollusca or mollusks	Mollusca
mollusca or molluscs	Mollusca
molluscs or mollusca	Mollusca
mollusks or mollusca	Mollusca
phylum mollusca or mollusks	Mollusca
molluscs	Mollusca
mollusks	Mollusca
mollusca	Mollusca
mollusks or mollusca or molluscs	Mollusca
molly bloom	Molly_Bloom
molokai	Molokai
moment of inertia	Moment_of_inertia
moment of inertia tensor or rotational inertia tensor	Moment_of_inertia
moment moment electric dipole moment or moment of inertia	Moment_of_inertia
answer mass moment of inertia	Moment_of_inertia
moment of inertia tensor or inertia tensor	Moment_of_inertia
mass moment of inertia	Moment_of_inertia
moment of inertia or inertial moment tensor	Moment_of_inertia
first mass moment of inertia	Moment_of_inertia
momentum	Momentum
linear momentum	Momentum
conservation of momentum	Momentum
mona lisa	Mona_Lisa
monaco	Monaco
principality of monaco	Monaco
monads	Monad
money	Money
mongol empire	Mongol_Empire
mongolia	Mongolia
mongols	Mongols
monkeys	Monkey
monkey	Monkey
monoclonal antibodies	Monoclonal_antibody
monopsony	Monopsony
monotremes or monotremata	Monotreme
monotremes	Monotreme
monroe doctrine	Monroe_Doctrine
monsoon	Monsoon
mont blanc	Mont_Blanc
montana	Montana
montenegro	Montenegro
charleslouis de secondat baron de montesquieu	Montesquieu
charleslouis de secondat baron de la brede et de montesquieu	Montesquieu
baron de montesquieu	Montesquieu
montevideo	Montevideo
montgomery bus boycott	Montgomery_bus_boycott
monticello	Monticello
montreal canadiens	Montreal_Canadiens
the earths moon	Moon
the moon	Moon
moon	Moon
moon or luna	Moon
earths moon clair de lune accept moonlight sonata after light	Moon
earths moon	Moon
moons of uranus	Moons_of_Uranus
moraine	Moraine
moraines	Moraine
moral hazard	Moral_hazard
morarji desai	Morarji_Desai
mordred	Mordred
morgan	Morgan
mormonism	Mormonism
mormon	Mormons
mormons	Mormons
kingdom of morocco	Morocco
morocco	Morocco
morphemes	Morpheme
morphine	Morphine
morse code	Morse_code
moscow	Moscow
moses	Moses
moses mendelssohn	Moses_Mendelssohn
mosque	Mosque
mosques	Mosque
mosquitoes	Mosquito
mossad	Mossad
motet	Motet
mother courage and her children	Mother_Courage_and_Her_Children
mother teresa	Mother_Teresa
moulin rouge	Moulin_Rouge
mount ararat	Mount_Ararat
mount elbrus	Mount_Elbrus
mount etna	Mount_Etna
mount everest	Mount_Everest
mount fuji	Mount_Fuji
mount hood	Mount_Hood
mount kailash	Mount_Kailash
mount kenya	Mount_Kenya
mount kilimanjaro	Mount_Kilimanjaro
mount kosciuszko	Mount_Kosciuszko
mount kosciusko	Mount_Kosciuszko
mount logan	Mount_Logan
mount mitchell	Mount_Mitchell
mount olympus	Mount_Olympus
mount rainier	Mount_Rainier
mount rushmore national memorial	Mount_Rushmore
mount rushmore	Mount_Rushmore
mount st helens	Mount_St._Helens
mount vesuvius	Mount_Vesuvius
mount whitney	Mount_Whitney
mount of olives	Mount_of_Olives
mountain dew	Mountain_Dew
mountain meadows massacre	Mountain_Meadows_massacre
mourning becomes electra	Mourning_Becomes_Electra
mowgli	Mowgli
republic of mozambique	Mozambique
mozambique	Mozambique
mozambique channel	Mozambique_Channel
“mr tambourine man”	Mr._Tambourine_Man
mrs warrens profession	Mrs._Warren's_Profession
mrs clarissa dalloway	Mrs_Dalloway
mrs dalloway	Mrs_Dalloway
muammar alqaddafi	Muammar_Gaddafi
much ado about nothing	Much_Ado_About_Nothing
muckrakers	Muckraker
mughals	Mughal_Empire
mughal empiredynasty	Mughal_Empire
mughal dynasty or mughals	Mughal_Empire
mughal empiredynasty etc	Mughal_Empire
mughal empire	Mughal_Empire
mogul or mughal	Mughal_Empire
mughals or moguls	Mughal_Empire
mughal dynasty	Mughal_Empire
the mughal empire	Mughal_Empire
mughal empire or dynasty	Mughal_Empire
mughal or mogul	Mughal_Empire
mugwump	Mugwumps
mugwumps	Mugwumps
muhammad	Muhammad
muhammad ali jinnah	Muhammad_Ali_Jinnah
mullet	Mullet
multiple sclerosis	Multiple_sclerosis
multiple sclerosis or ms	Multiple_sclerosis
multiplication	Multiplication
reciprocal function or multiplicative inverse function or f 1x xn1 before negativefirst accept 1e before radius do not accept or prompt on inverse	Multiplicative_inverse
mumbai	Mumbai
munich	Munich
munich pact	Munich_Agreement
munich massacre	Munich_massacre
muon	Muon
murals	Mural
murder on the orient express	Murder_on_the_Orient_Express
muriel spark	Muriel_Spark
murray gellmann	Murray_Gell-Mann
mansa musa	Musa_I_of_Mali
muscles	Muscle
muscle	Muscle
muscular dystrophy	Muscular_dystrophy
muses	Muse
muse	Muse
the muses	Muse
el greco or domenikos theotokopoulos	Museum_of_El_Greco
music	Music
ataturk	Mustafa_Kemal_Atatürk
mustafa kemal or kemal ataturk	Mustafa_Kemal_Atatürk
mustafa kemal ataturk	Mustafa_Kemal_Atatürk
mustafa kemal or ataturk	Mustafa_Kemal_Atatürk
kemal atatrk	Mustafa_Kemal_Atatürk
mustafa kemal or mustafa kemal ataturk	Mustafa_Kemal_Atatürk
kemal atatürk	Mustafa_Kemal_Atatürk
mustafa kemal atatürk	Mustafa_Kemal_Atatürk
kemal ataturk	Mustafa_Kemal_Atatürk
mustard	Mustard
mutations	Mutation
mutation	Mutation
mutiny on the bounty	Mutiny_on_the_Bounty
my lai	My_Lai_Massacre
my lai massacre	My_Lai_Massacre
“my last duchess”	My_Last_Duchess
my little pony friendship is magic	My_Little_Pony:_Friendship_Is_Magic
asher lev	My_Name_Is_Asher_Lev
my ántonia	My_Ántonia
my antonia	My_Ántonia
antonia shimerda	My_Ántonia
antonia	My_Ántonia
antonia shimerda cuzak	My_Ántonia
union of myanmar	Myanmar
burma	Myanmar
union of myanmar burma burmese myanmar or pyidaungzu myanma naingngandaw	Myanmar
union of myanmar or burma	Myanmar
union of myanmar or burma or pyidaungzu myanma naingngandaw	Myanmar
republic of the union of myanmar	Myanmar
union of myanmar or union of burma	Myanmar
myanmar	Myanmar
union of burma or union of myanmar	Myanmar
burma or myanmar	Myanmar
union of burma or union of myanmar early	Myanmar
union of burma	Myanmar
myanmar or burma	Myanmar
mycenae	Mycenae
mycorrhizae	Mycorrhiza
myelin	Myelin
myoglobin	Myoglobin
myosin	Myosin
myrmidons	Myrmidons
myron	Myron
mystery plays	Mystery_play
mobius strip	Möbius_strip
mossbauer effect	Mössbauer_effect
maori	Māori
