rur rossums universal robots	R.U.R.
rur or rossum’s universal robots	R.U.R.
rur	R.U.R.
rur or rossums universal robots	R.U.R.
rossums universal robots	R.U.R.
titanic	RMS_Titanic
rms titanic	RMS_Titanic
rna	RNA
rna or ribonucleic acid	RNA
rna interference	RNA_interference
rna polymerase	RNA_polymerase
rna splicing	RNA_splicing
rabbits	Rabbit
rabies	Rabies
sir rabindranath tagore	Rabindranath_Tagore
rabindranath tagore	Rabindranath_Tagore
rabindrath tagore	Rabindranath_Tagore
rabindranath tagore or thankur	Rabindranath_Tagore
rabindranath “gurudev” tagore	Rabindranath_Tagore
rachel carson	Rachel_Carson
radar	Radar
radiation	Radiation
radiation pressure	Radiation_pressure
radicals	Radical
free radicals	Radical_(chemistry)
radio waves	Radio_wave
radiohead	Radiohead
radius	Radius
radon	Radon
rafael nadal	Rafael_Nadal
rafael leonidas trujillo molina	Rafael_Trujillo
rafael trujillo	Rafael_Trujillo
ragnarok	Ragnarök
rahm emanuel	Rahm_Emanuel
raiders of the lost ark	Raiders_of_the_Lost_Ark
rain	Rain
rain steam and speed the great western railway	Rain,_Steam_and_Speed_–_The_Great_Western_Railway
rainbows	Rainbow
rainbow	Rainbow
rainer ludwig claisen	Rainer_Ludwig_Claisen
rainer maria rilke	Rainer_Maria_Rilke
rainer marie rilke	Rainer_Maria_Rilke
ranier maria rilke	Rainer_Maria_Rilke
rainier maria rilke	Rainer_Maria_Rilke
raising the flag on iwo jima	Raising_the_Flag_on_Iwo_Jima
ralph bunche	Ralph_Bunche
ralph ellison	Ralph_Ellison
ralph nader	Ralph_Nader
ralph vaughanwilliams	Ralph_Vaughan_Williams
ralph vaughan williams	Ralph_Vaughan_Williams
ralph vaughn williams	Ralph_Vaughan_Williams
ralph vaughnwilliams	Ralph_Vaughan_Williams
ralph waldo emerson	Ralph_Waldo_Emerson
rama	Rama
ramadan	Ramadan
raman effect or scattering	Raman_scattering
raman scattering	Raman_scattering
raman effect	Raman_scattering
raman spectroscopy	Raman_spectroscopy
the ramayana	Ramayana
ramayana	Ramayana
ramses	Ramesses
ramses ii	Ramesses_II
ramesses ii or ramesses the great	Ramesses_II
ramesses ii	Ramesses_II
ramses ii or ramses the great	Ramses_II_tank
rand paul	Rand_Paul
randall jarrell	Randall_Jarrell
random walk	Random_walk
randy moss	Randy_Moss
raphael sanzio da urbino	Raphael
raphael sanzio	Raphael
rappaccinis daughter	Rappaccini's_Daughter
rappaccinis daughter or beatrice rappaccini	Rappaccini's_Daughter
rashomon	Rashomon
rastafari movement or rastafarianism	Rastafari
rastafarianism	Rastafari
rastafarians	Rastafari
rastafari movement	Rastafari
rastafarian	Rastafari
rastifarianism	Rastafari
rats	Rat
rational numbers or rationals	Rational_number
rational numbers	Rational_number
ravana	Ravana
abe ravelstein	Ravelstein
raven	Raven
ravenna	Ravenna
ravens	Ravens
ray bradbury	Ray_Bradbury
ray douglas bradbury	Ray_Bradbury
rayleigh scattering	Rayleigh_scattering
raymond carver	Raymond_Carver
raymond chandler	Raymond_Chandler
rayon	Rayon
raul castro	Raúl_Castro
rate constant	Reaction_rate_constant
realism	Realism
rear window	Rear_Window
rebecca	Rebecca
recep tayyip erdogan	Recep_Tayyip_Erdoğan
recitative	Recitative
reconquista	Reconquista
reconstruction	Reconstruction
recursion	Recursion
the red hot chili peppers	Red_Hot_Chili_Peppers
red queen hypothesis	Red_Queen_hypothesis
the red river or yuan chiang	Red_River_(Asia)
red stripe	Red_Stripe
erythrocytes or red blood cells	Red_blood_cell
red blood cells or rbcs or erythrocytes	Red_blood_cell
erythrocytes	Red_blood_cell
red blood cells	Red_blood_cell
red blood cells or erythrocytes	Red_blood_cell
red giants	Red_giant
red tide	Red_tide
redox reactions or oxidationreduction reactions	Redox
redox reaction	Redox
redox reactions	Redox
redox reactions or oxidationreduction reactions before reduction or reductionoxidation	Redox
redox reaction or reductionoxidation reaction or oxidationreduction reaction or electron	Redox
oxidation reaction	Redox
redox reaction or oxidationreduction reaction	Redox
reduction reactions	Redox
oxidation	Redox
redshift	Redshift
reduction	Reduction
reductions	Reductions
reed smoot	Reed_Smoot
laura jean reese witherspoon	Reese_Witherspoon
reese witherspoon	Reese_Witherspoon
reflection	Reflection_(physics)
reflections on the revolution in france	Reflections_on_the_Revolution_in_France
refraction	Refraction
index of refraction	Refractive_index
negative index of refraction	Refractive_index
index of refraction or refractive index	Refractive_index
refractive index	Refractive_index
refractive index or index of refraction	Refractive_index
regular expressions or regexes	Regular_expression
regular expression	Regular_expression
reichstag	Reichstag_building
reichstag fire	Reichstag_fire
reign of terror	Reign_of_Terror
reincarnation	Reincarnation
relational databases	Relational_database
relative humidity	Relative_humidity
relativity	Relativity
religion	Religion
rem	Rem
rembrandt van rijn	Rembrandt
rembrandt harmeenszoon van rijn	Rembrandt
rembrandt harmenszoon van rjin	Rembrandt
rembrandt von rijn	Rembrandt
rembrandt harmenszoon van rijn	Rembrandt
rembrandt	Rembrandt
remedios varo	Remedios_Varo
television remote controller	Remote_control
remote control	Remote_control
television remote control	Remote_control
reno	Reno,_Nevada
renzo piano	Renzo_Piano
rene descartes or renatus cartesius	René_Descartes
rené descartes	René_Descartes
rene descartes	René_Descartes
réne descartes	René_Descartes
rene françois ghislain magritte	René_Magritte
magritte rene francois ghislain	René_Magritte
rene francois ghislain magritte	René_Magritte
rené magritte	René_Magritte
rene magritte	René_Magritte
rené francois ghislain magritte	René_Magritte
rené françois ghislain magritte	René_Magritte
reptiles or reptilia	Reptile
republic	Republic
platos republic	Republic_(Plato)
the republic	Republic_(Plato)
macedonia or fyrom	Republic_of_Macedonia
macedonia	Republic_of_Macedonia
republic of texas	Republic_of_Texas
republic of venice	Republic_of_Venice
the republic of venice	Republic_of_Venice
the most serene republic of venice or venezia or venesia	Republic_of_Venice
requiem mass	Requiem
requiem	Requiem
requiems	Requiem
wolfgang amadeus mozarts requiem mass in d minor	Requiem_(Mozart)
wolfgang amadeus mozarts requiem mass	Requiem_(Mozart)
wolfgang amadeus mozart’s requiem mass in d minor	Requiem_(Mozart)
johann christoph wolfgang amadeus mozarts requiem mass in d minor	Requiem_(Mozart)
wolfgang amadeus mozarts requiem mass in d minor k 626 prompt on mass prompt on mozart	Requiem_(Mozart)
requiem mass in d minor by wolfgang amadeus mozart	Requiem_(Mozart)
requiem for a nun	Requiem_for_a_Nun
resistors	Resistor
respiration	Respiration
restriction enzymes	Restriction_enzyme
restriction enzymes or restriction endonucleases	Restriction_enzyme
resurrection	Resurrection
retina	Retina
revelation	Revelation
reverse transcriptase	Reverse_transcriptase
black army or revolutionary insurrectionary army of ukraine	Revolutionary_Insurrectionary_Army_of_Ukraine
reykjavik	Reykjavík
rhapsody	Rhapsody
rhapsody in blue	Rhapsody_in_Blue
rhapsody on a theme of paganini	Rhapsody_on_a_Theme_of_Paganini
rhiannon	Rhiannon
rhine river	Rhine
rhinoceros	Rhinoceros
state of rhode island and providence plantations	Rhode_Island
rhode island and providence plantations	Rhode_Island
rhodes	Rhodes
rhodopsin	Rhodopsin
ribs	Rib_cage
ribosome	Ribosome
ribosomes	Ribosome
ribozyme	Ribozyme
ribozymes	Ribozyme
barroricardian equivalence	Ricardian equivalence
rice	Rice
richard	Richard
richard avedon	Richard_Avedon
richard brautigan	Richard_Brautigan
richard brinsley sheridan	Richard_Brinsley_Sheridan
richard cory	Richard_Cory
richard henry dana	Richard_Dana
richard dawkins	Richard_Dawkins
richard philips feynman	Richard_Feynman
richard dick feynman	Richard_Feynman
richard phillips dick feynman	Richard_Feynman
richard phillips feynman	Richard_Feynman
richard feynman	Richard_Feynman
richard p feynman	Richard_Feynman
richard iii	Richard_III_of_England
richard ii	Richard_II_of_England
richard i	Richard_I_of_England
richard i of england or richard the lionhearted	Richard_I_of_England
richard the lionhearted or richard i of england	Richard_I_of_England
richard i or richard the lionhearted	Richard_I_of_England
richard i of england	Richard_I_of_England
richard the lionhearted	Richard_I_of_England
richard jordan gatling	Richard_Jordan_Gatling
richard lovelace	Richard_Lovelace
richard nixon	Richard_Nixon
richard milhous nixon	Richard_Nixon
richard milhaus nixon	Richard_Nixon
richard milhous dick nixon	Richard_Nixon
richard milhouse nixon	Richard_Nixon
richard milhous nixon ronald wilson reagan and nelson aldrich rockefeller prompt if only rockefeller is given	Richard_Nixon
richard m nixon	Richard_Nixon
richard rorty	Richard_Rorty
richard strauss	Richard_Strauss
richard strauss prompt on strauss	Richard_Strauss
richard georg strauss	Richard_Strauss
richard wagner	Richard_Wagner
wilhelm richard wagner	Richard_Wagner
rick james	Rick_James
rick lazio	Rick_Lazio
rick pitino	Rick_Pitino
rick santorum	Rick_Santorum
rickettsia	Rickettsia
riders to the sea	Riders_to_the_Sea
ridolfi plot	Ridolfi_plot
riemann hypothesis	Riemann_hypothesis
riemann sum	Riemann_sum
riemann zeta function	Riemann_zeta_function
rigel	Rigel
right angles	Right_angle
rigoletto	Rigoletto
rigor mortis	Rigor_mortis
rig veda	Rigveda
rigveda	Rigveda
rihanna	Rihanna
rings of saturn	Rings_of_Saturn
rio de janeiro	Rio_de_Janeiro
rip van winkle	Rip_Van_Winkle
risk	Risk
rites of passage	Rite_of_passage
rivers	River
river thames	River_Thames
roald amundsen	Roald_Amundsen
roald dahl	Roald_Dahl
roanoke colony	Roanoke_Colony
roanoke island	Roanoke_Island
robert andrews millikan	Robert_Andrews_Millikan
robert millikan	Robert_Andrews_Millikan
robert bork	Robert_Bork
robert boyle	Robert_Boyle
robert browning	Robert_Browning
robert bunsen	Robert_Bunsen
robert wilhelm eberhard bunsen	Robert_Bunsen
robert burns	Robert_Burns
robert edward lee	Robert_E._Lee
robert frost	Robert_Frost
robert lee frost	Robert_Frost
robert fulton	Robert_Fulton
robert gates	Robert_Gates
robert graves	Robert_Graves
robert goddard	Robert_H._Goddard
robert hutchings goddard	Robert_H._Goddard
robert herrick	Robert_Herrick
robert hooke	Robert_Hooke
robert jenkins	Robert_Jenkins
robert king merton	Robert_K._Merton
robert koch	Robert_Koch
robert louis stevenson	Robert_Louis_Stevenson
robert louis balfour stevenson	Robert_Louis_Stevenson
robert traill spence lowell iv	Robert_Lowell
robert lowell	Robert_Lowell
robert lowell iv	Robert_Lowell
robert traill spence lowell jr	Robert_Lowell
robert lucas	Robert_Lucas
robert la follette	Robert_M._La_Follette_Sr.
robert la follette sr	Robert_M._La_Follette_Sr.
robert lafollette sr	Robert_M._La_Follette_Sr.
robert marion lafollette sr	Robert_M._La_Follette_Sr.
robert m la follette	Robert_M._La_Follette_Sr.
robert marion la follette	Robert_M._La_Follette_Sr.
robert m lafollette	Robert_M._La_Follette_Sr.
robert marion la follette sr	Robert_M._La_Follette_Sr.
robert mapplethorpe	Robert_Mapplethorpe
robert m mccallister or bobby mccallister	Robert_McCallister
robert strange mcnamara	Robert_McNamara
robert gordon menzies	Robert_Menzies
robert mitchum	Robert_Mitchum
robert motherwell	Robert_Motherwell
robert mueller	Robert_Mueller
robert mugabe	Robert_Mugabe
robert gabriel mugabe	Robert_Mugabe
robert musil	Robert_Musil
robert nozick	Robert_Nozick
robert e peary	Robert_Peary
robert edwin peary	Robert_Peary
robert peary	Robert_Peary
sir robert peel	Robert_Peel
robert peel	Robert_Peel
sir robert peel 2nd baronet	Robert_Peel
robert schumann	Robert_Schumann
robert alexander schumann	Robert_Schumann
robert sherwood	Robert_Sherwood
robert smithson	Robert_Smithson
robert southey	Robert_Southey
robert taft	Robert_Taft
robert walpole 1st earl of orford	Robert_Walpole
robert walpole	Robert_Walpole
sir robert walpole 1st earl of orford	Robert_Walpole
sir robert walpole	Robert_Walpole
walpole	Robert_Walpole
weddell sea	Robert_Weddell
robert wiene	Robert_Wiene
twice told tales	Robert_Wolke
robert young hayne	Robert_Y._Hayne
robert zajonc	Robert_Zajonc
roberto alomar	Roberto_Alomar
roberto bolaño	Roberto_Bolaño
roberto bolaño ávalos	Roberto_Bolaño
roberto goizueta	Roberto_Goizueta
roberto rossellini	Roberto_Rossellini
robertson davies	Robertson_Davies
the frederick c robie house	Robie_House
robin williams	Robin_Williams
robin yount	Robin_Yount
robinson crusoe	Robinson_Crusoe
robinson annulation	Robinson_annulation
robots	Robot
rockefeller	Rockefeller
rockefeller family	Rockefeller_family
rockos modern life	Rocko's_Modern_Life
rock paper scissors or roshambo	Rock–paper–scissors
rock paper scissors	Rock–paper–scissors
rococo	Rococo
rod blagojevich	Rod_Blagojevich
rodion romanovitch raskolnikov	Rodion_Raskolnikov
rodion “rodya” romanovich raskolnikov	Rodion_Raskolnikov
raskolnikov	Rodion_Raskolnikov
rodion romanovich raskolnikov	Rodion_Raskolnikov
rodion raskolnikov	Rodion_Raskolnikov
rodion “rodya” romanovitch raskolnikov accept partial name	Rodion_Raskolnikov
rodion romanovich rodya raskolnikov	Rodion_Raskolnikov
rodney dangerfield	Rodney_Dangerfield
rodney king	Rodney_King
roe v wade	Roe_v._Wade
roe vs wade	Roe_v._Wade
jane roe et al v henry wade	Roe_v._Wade
roe verses wade	Roe_v._Wade
roger taney	Roger_B._Taney
roger b taney	Roger_B._Taney
roger brooke taney	Roger_B._Taney
roger bacon	Roger_Bacon
roger casement	Roger_Casement
roger david casement	Roger_Casement
roger chillingsworth	Roger_Chillingworth
roger clemens	Roger_Clemens
roger federer	Roger_Federer
roger maris	Roger_Maris
roger penrose	Roger_Penrose
roger sherman	Roger_Sherman
roger williams	Roger_Williams
rogier van der weyden or roger of the meadow or roger of the pasture	Rogier_van_der_Weyden
rogier van der weyden	Rogier_van_der_Weyden
roger van der weyden	Rogier_van_der_Weyden
the toilet of venus	Rokeby_Venus
roland or orlando	Roland
roland	Roland
roland barthes	Roland_Barthes
roland tr808	Roland_TR-808
rollsroyce	Rolls-Royce
roman jakobson	Roman_Jakobson
the romance of the rose	Roman_de_la_Rose
the romance of the three kingdoms	Romance_of_the_Three_Kingdoms
romance of the three kingdoms	Romance_of_the_Three_Kingdoms
roma or romani accept gypsy or gypsies	Romani_people
gypsies	Romani_people_in_Romania
romania	Romania
romania or rumania	Romania
romanian	Romanian
romano prodi	Romano_Prodi
romanos iv diogenes	Romanos_IV_Diogenes
romanus iv diogenes	Romanos_IV_Diogenes
romansh or rumantsch	Romansh
romansh or rumantsch or grishun or grisons	Romansh
romansh	Romansh
romansch	Romansh
rome	Rome
romeo montague	Romeo
romeo	Romeo
romeo and juliet	Romeo_and_Juliet
the tragedy of romeo and juliet	Romeo_and_Juliet
romulus augustus	Romulus_Augustulus
romulus augustulus	Romulus_Augustulus
romulus	Romulus_Augustulus
romulus and remus	Romulus_and_Remus
ronald coase	Ronald_Coase
ronald dworkin	Ronald_Dworkin
ronald reagan	Ronald_Reagan
ronald wilson reagan	Ronald_Reagan
roosevelt	Roosevelt
roosevelt corollary	Roosevelt_Corollary
roots	Root
roots the saga of an american family	Roots:_The_Saga_of_an_American_Family
rorschach testtechnique	Rorschach_test
rorschach test	Rorschach_test
rorschach inkblot test	Rorschach_test
rorschach inkblots	Rorschach_test
rosa parks	Rosa_Parks
rosalind	Rosalind
rosalind franklin	Rosalind_Franklin
rosary	Rosary
rose bowl game	Rose_Bowl_Game
rosencrantz amp guildenstern are dead	Rosencrantz_and_Guildenstern_Are_Dead
rosencrantz and guildenstern are dead	Rosencrantz_and_Guildenstern_Are_Dead
the rosetta stone	Rosetta_Stone
rosetta stone	Rosetta_Stone
rosh hashanah or yom hazikkaron or yom teruah or yom haded	Rosh_Hashanah
rosh hashanah	Rosh_Hashanah
rosicrucians or rosicrucianism	Rosicrucianism
the rosicrucians	Rosicrucianism
rosicrucians	Rosicrucianism
rosie odonnell	Rosie_O'Donnell
rosie odonnell or rosie	Rosie_O'Donnell
rosie the riveter	Rosie_the_Riveter/World_War_II_Home_Front_National_Historical_Park
rosmersholm	Rosmersholm
ross ice shelf	Ross_Ice_Shelf
h ross perot	Ross_Perot
ross perot	Ross_Perot
henry ross perot	Ross_Perot
rossby waves	Rossby_wave
rotation	Rotation
rothschilds	Rothschild_family
rothschild	Rothschild_family
rothschild family	Rothschild_family
the rothschilds	Rothschild_family
rotifera	Rotifer
rotifera or rotifers	Rotifer
rotifers or rotifera	Rotifer
rotten boroughs	Rotten_and_pocket_boroughs
rotterdam	Rotterdam
rough riders	Rough_Riders
judge roy bean	Roy_Bean
roy halladay	Roy_Halladay
roy lichtenstein	Roy_Lichtenstein
roy williams	Roy_Williams
royal canadian mounted police or mounties or rcmp	Royal_Canadian_Mounted_Police
mounties or royal canadian mounted police bonus identify these other government agencies concerned with security 10 points each	Royal_Canadian_Mounted_Police
royal canadian mounted police	Royal_Canadian_Mounted_Police
mounties or royal canadian mounted police	Royal_Canadian_Mounted_Police
royal canadian mounted police or rcmp	Royal_Canadian_Mounted_Police
mounties or royal canadian mounted police or northwest mounted police or royal northwest mounted police	Royal_Canadian_Mounted_Police
royal greenwich observatory	Royal_Observatory,_Greenwich
royal proclamation of 1763	Royal_Proclamation_of_1763
rubisco	RuBisCO
rubisco or ribulose biphosphate carboxylase oxygenase	RuBisCO
rubisco or ribulose bisphosphate carboxylaseoxygenase	RuBisCO
rubisco or ribulose 15bisphosphate carboxylaseoxygenase or rubp carboxylaseoxygenase	RuBisCO
rubisco or ribulose15 bisphosphate carboxylaseoxygenase	RuBisCO
rubisco or ribulose15bisphosphate carboxylaseoxygenase	RuBisCO
rubisco or ribulose biphosphate carboxylaseoxygenase	RuBisCO
rubisco or ribulose 15bisphosphate carboxylaseoxygenase	RuBisCO
rubaiyat or rubai	Rubaiyat_of_Omar_Khayyam
the rubaiyaat of omar kayyam	Rubaiyat_of_Omar_Khayyam
rubaiyat of omar khayyám	Rubaiyat_of_Omar_Khayyam
omar khayyam	Rubaiyat_of_Omar_Khayyam
the rubaiyyat of omar khayyam	Rubaiyat_of_Omar_Khayyam
the rubaiyat	Rubaiyat_of_Omar_Khayyam
the rubaiyat of omar khayyam	Rubaiyat_of_Omar_Khayyam
rubaiyat of omar khayyam	Rubaiyat_of_Omar_Khayyam
the rubaiyat of omar khayyám	Rubaiyat_of_Omar_Khayyam
rube goldberg	Rube_Goldberg
rubiks cubes	Rubik's_Cube
rubiks cube	Rubik's_Cube
ruby	Ruby
ruben dario	Rubén_Darío
rudolf carnap	Rudolf_Carnap
rudolf clausius	Rudolf_Clausius
rudolf diesel	Rudolf_Diesel
rudolf hess	Rudolf_Hess
rudolf ludwig mossbauer	Rudolf_Mössbauer
rudolf hametovich nureyev	Rudolf_Nureyev
rudolf nureyev	Rudolf_Nureyev
rudolf karl ludwig virchow	Rudolf_Virchow
rudolf ludwig karl virchow	Rudolf_Virchow
rudolf virchow	Rudolf_Virchow
rudolf carl virchow	Rudolf_Virchow
rudolph giuliani	Rudy_Giuliani
rudy giuliani	Rudy_Giuliani
joseph rudyard kipling	Rudyard_Kipling
rudyard kipling	Rudyard_Kipling
rugby	Rugby
ayatollah ruhollah khomeini	Ruhollah Khomeini
ruhollah khomeini	Ruhollah_Khomeini
rum rebellion	Rum_Rebellion
rupert brooke	Rupert_Brooke
rupert murdoch	Rupert_Murdoch
rush limbaugh iii	Rush_Limbaugh
rush limbaugh	Rush_Limbaugh
ruslan and lyudmila	Ruslan_and_Ludmila
russells paradox	Russell's_paradox
russia	Russia
russian empire	Russian_Empire
russian revolution of 1917	Russian_Revolution
russian	Russian_language
the russojapanese war	Russo-Japanese_War
russojapanese	Russo-Japanese_War
russojapanese war of 19045	Russo-Japanese_War
russojapanese war	Russo-Japanese_War
russo japanese war	Russo-Japanese_War
ruth	Ruth_(biblical_figure)
ruth bader ginsburg	Ruth_Bader_Ginsburg
ruth benedict	Ruth_Benedict
ruth fulton benedict	Ruth_Benedict
rutherford birchard hayes	Rutherford_B._Hayes
rutherford b hayes	Rutherford_B._Hayes
republic of rwanda	Rwanda
rwanda	Rwanda
rwandan genocide	Rwandan_genocide
rydberg constant	Rydberg_constant
ryehouse plot	Rye_House_Plot
rye house plot	Rye_House_Plot
the rye house plot	Rye_House_Plot
ryunosuke akutagawa	Ryūnosuke_Akutagawa
akutagawa ryunosuke	Ryūnosuke_Akutagawa
rio de la plata	Río_de_la_Plata
ronin	Rōnin
